commit_pre	commit_post
96a4ed6e	7dd2e0cd
64866d3e	03a86e03
8a23345e	3ad0ce5f
00625a1c	e47549c2
2839cb06	5e65bfb5
d05d0b3f	f20b99b6
2216e2c2	85d51bf9
30aecce7	b56fe60b
b4455158	e966a819
97df7c74	52944dfe
177b47ca	3293e614
305c0b2b	9e5e6dfc
ce365a41	5d519165
45d104ad	e8617339
0a01b2a5	2889c4d4
e33bb876	86202501
76978bf4	901687e8
c0a6445a	a2ec7783
d2e3ed1e	43111131
06496921	8b5a0783
4a3a0d81	48298b8c
3a991535	6dea2e29
e20032d1	92d680a4
c6b65228	4884a693
6766eac5	811f3711
dd666b99	bb37e06b
7be96b1f	01287b76
188a7785	fc21a8cb
cc599c5c	37de791b
dc43e255	1c4883ea
36c2bcfa	95f0d07d
b7341709	b13317ac
10edb79c	56d7ab6a
30c2cbd8	7eee9ef5
d2772467	70496d37
7cd55394	d1d01257
3a22f3be	24c741dd
108f1dfe	32760da3
79d8709c	f8f6144f
42707fb5	1842395d
bbcd380e	dcfb993f
f70200d2	a1ad147e
0dc6eabe	495e72b6
71c59cc9	9548a6f5
86882730	42ec791d
d73fe5e3	fbc44e29
9a667a32	3b7c2e2c
ba103213	cea0dcbe
53533ccb	d7faabd7
3ccaefc4	4b676860
f41c8a8f	0730d9d0
f77ffd51	e4a5b08b
b294bef0	b4dadc0c
8c9ff764	39cb256c
52870884	3d78be25
beef22f4	717be41f
ef78cc98	0f254c64
11e35690	2cdf6d78
df581571	0a6effae
a7280cb0	4d438478
a78b43cb	1a481456
0234f9dc	8623f6f9
05e45c4a	4b4cb4e9
86271cc9	ff74c1d7
e7643334	613f4973
76148172	36023c9b
d3e777c2	e6f7cbba
7b30e8ca	78b16a49
3a022817	a0162342
c696acc7	091d136c
27ca822d	48eb8a71
4f5a0c54	349a6295
01309f64	319889f9
aea9b28d	804a3866
ffc2bd54	8fd72aae
4810a3fb	e57425b1
6874db60	05dde68e
eaa9ec07	5381fdbd
18284962	a9374716
a4236691	709a6ee7
3f022079	a8237217
f4e005af	ecae3d89
42dbbf23	78172996
7b7bfb00	4ff3d1b2
114f308e	7e0680c6
de279ebd	aed38add
02105c74	12a35097
dc6c0227	c0aab0e0
1dceb966	d725bc67
796c2e34	31539ffa
5b79c5d6	399283f8
6e44531b	c56c1b07
6560b4f6	8ec86014
d279c474	f7eaf1e8
352a0eb9	053c2442
d96380df	e6b7cb83
5e924b3c	04849847
4548b497	13e30871
4b943ad2	6fa425d0
522df42e	06dbe258
0cebf601	2b9076e8
4c517407	224d4471
443ff64f	5bf81861
90cd7032	9d3dafff
d4fd6c75	2b2ec82f
94b04912	34d67d7f
fc59ef6a	9690dd87
7606df89	e6303446
efb218be	ad2d3f50
8836af73	9887b49f
acc30c0d	1c1f1f2e
5c89dbed	83f405e5
54a79a15	2b849841
60161e06	b037216e
0ef8fac0	b45ffa74
22ce5533	582cb22e
7d723a8b	3d201480
3730dc56	f7b8e703
d4688e93	952801e7
b0a838e8	2e25e57f
c67f3e61	c2ef0539
14434e8c	52233cb5
fcaab42d	eff612fb
7423a1f0	b48351ab
f5fde656	178441ee
d8015db0	2070dcdc
3b56c40e	af269a98
2c558be9	2e22f49a
9602d546	4ddcbe81
788c847f	bb9d6e7d
33820629	770e70d2
c307b14a	6ad25269
11c459a4	35542a15
342ce428	bf284bfe
05949634	a903aaf3
b82d8567	d6575eb2
99f93dc5	a6f1519a
0aa69bd9	e8317cbe
75cb267f	202b7e6e
c6dfe10f	ca72e0c8
9cf5e15d	6b371d75
ceb6467b	349a1ff8
8038f41f	96448ca3
130dfb65	f3796907
a3d44867	84fe2a49
6e9ae6ef	b2ced5da
597c99bf	747451ba
f740f227	01023166
5b68c68e	ef2ace6a
90b436d5	4f012d96
0631c375	9d5bf8bb
718ef83e	f72b11b7
105cd046	de76820e
e2a2b661	7d1467bd
1f0f26ba	50c4143a
394b8b06	b64df1ad
b14988e2	fd2568e6
3c5dbe70	7fa365c8
e6a77cd7	ee8fb8ad
10781aa9	8b203800
5729c517	7888c9a5
ac825f11	fa0ba98c
6941a6c0	e1a461c5
1a7fd9d0	be26fb06
1996ac28	8683b7e8
5146ea42	e0fe1cbd
c27f917a	b817646c
06aaedd1	2f5cb094
8361c9e4	15a832ba
55ee5a11	64f11f73
af3f82fd	da791bf6
5867ca0f	d05eb6ef
acc45794	e524ae84
a7a5c522	dd50fd71
b971d9c2	ee16ff53
ba0f1b93	61f2378e
15fd3e0d	d25c55e9
5833a922	049d4779
344a5b08	b3504ff0
2354c968	ab6915a8
eb1b79f9	27c6be44
4f07e49a	509fa9ca
c29617d5	b4a767ee
836f2188	c3621f24
2d579192	50e6a628
cc5c1628	ebf5ec2e
96aa47ea	2f85de9b
d2607c2e	a3f718e0
d32458fb	21926493
989edd3d	bac9863e
91a8b1a0	1504d747
ccababe1	ad11cb87
2c7bc443	1644ec3e
c9a3f92b	7b19a69c
1e2004ad	3a859214
7b4b8454	673a078d
d5d0e9d8	a84b4a33
8aaaa42d	87aee995
faf13e4e	beefc239
f9800ad6	f0813c75
31d82453	d8dee10c
27ec94fe	7206eb09
a52f1296	c0b7505d
a7d4a86c	d505253d
dad298e5	8ca9510b
ccc1b3f5	eb570615
3a1ad2d4	4266515e
1ad804d4	d164366e
66bd398c	fa2ebb34
a5bbbf0e	3a01ef84
60976e19	23882be4
79c020b1	c21edbc7
84731321	a1f94668
a47569ef	5c294b31
920f77c7	d8551551
99de16be	7e12ef94
a2429faa	71d2e1ed
c36a15e1	85434bc8
103e3d98	73c7d308
2dd043ba	861beee3
7113e928	1ffe640c
56f247d0	94cb4cda
3f317724	eb2af670
d7b67c77	02c87c16
a9e12058	68962f0a
d6259f91	57a9ffd6
3481165a	9a5a5201
ca5a16c9	b700930a
28ed4bd9	7338822d
9518981f	b89ed847
91feb12c	9381316f
a2a07b78	d38b883e
bba0f50b	95f43856
570bedc9	97c26bd8
00600931	27f690f9
fc98d1a2	29c4816f
32df8b4e	e41cacd8
57673234	67d945e4
cf3ac612	fc08e62b
5d966453	d21d053f
18892977	177d6074
4b2257e0	8da4a7f5
4ee3d07a	e6a6c26a
c4d42500	1a688789
db1442d9	acb608f9
03dd07e5	d5139f82
28776337	b6df584f
49bb58db	05efb072
7cb978c5	573e8eae
db28ca18	2befc460
41927794	bfbac50d
7591946e	172a3b60
26d47bf2	8073048f
a36ee45a	cf338edb
d3a802c5	773b3c5d
e0a58d14	6b610c26
4511414b	5aac9200
17f0c772	ddaced67
7f718cce	8df28852
901a0f64	2167c050
2e9318b8	4d805ecd
e592a93e	d2d6baf3
6765028c	eb93de38
6456e921	b82c805e
f072113f	98688d60
8b37c5de	2bd401ad
4e405760	267a134e
256003a7	f4cde5b5
0ece0ec7	7d795b9e
542af0b4	e71e5567
6d0de8cd	2cc19a75
feb2e9c8	53e894ba
4a794c4a	b466715b
2a76e7e6	6685c8e1
679dc88a	1f0ace16
ca0ee00c	1267d09d
8ba393d1	29272645
e054fd6c	7e8cf239
c3f197ce	8f994afb
f8cc50fc	94c9f7e1
91d984f0	b6ebc64d
c9558ac7	a72e8071
1840440a	ee352ad6
2bc8d5f5	67140f3c
ad510fbe	05e8a8a8
5641e472	98575b18
bb6d15ad	9f37d561
4626d3ac	4afdd2f8
0a6618ff	75057699
a97ff41e	3ab9ac48
c05d5658	f19cd6be
07cbaa47	4587d792
3aeb076b	0b21e413
cfd0c660	6b5afc57
05d2fd75	bcd6448c
172f27f5	95cde254
1ed8baef	0e4dc2b9
ecf48038	7d581e0c
3f9d981c	23672818
c27e4750	c28a7b7f
aa07b83e	74fca3b9
fc947a73	aa96d54a
ac9ec677	87c17ae8
0078dade	9f7a8696
193c22ad	8d2ea396
39f534aa	5a744fd3
dc01de35	18702a60
1b0ca676	01026fd7
4456213c	e1ffb3df
7968f32e	8936fd19
d8d73764	d44a934c
40b8b042	3394d774
d193ec70	999ab9ad
60241cec	6b19b8dc
d1b5773c	effda46c
aa821bec	7fa8d200
c601429c	a30ab598
ff787d89	1483abf1
095f8d90	fb95b95c
06b9414b	9fd5530d
758983fa	dc8b550f
9396da66	1ff2a93e
d6523efd	417d893d
0146c7a9	7d96db56
e24d7c50	79405228
94e63168	2f309b42
3ac47959	5175632c
cb90317f	de22af51
019e8548	f36ca1ff
d297ce49	0e61b094
f135feff	73328546
264ead8c	0b7f9777
e92d029d	a86d5017
1de3f025	026b7350
09156475	e6d23e7f
4f0d0954	c05a78ef
03944cae	054f169b
e0c2f06a	11534565
fa48f3ff	f2516e34
fc642c26	4797c225
d3a08c3f	aeb0f838
0938b936	564db70e
5f11b8b5	5e030f7e
bdc5dc17	ffc53416
19bfd927	3d513db3
c5096f8d	ec9c0aba
5b6f83fc	206c906b
bf5ccc07	8e7637c9
bd132294	4db23eab
26952b8e	85e41c66
95807314	38d4199c
ac8104e8	1c81498d
db09a3b5	647f0b23
f18259b2	aad9eb6c
4a2856a8	5bec6fb7
9f54cb3d	343a2adb
a5c11ce8	715119cb
1161e758	7af37656
1daf2717	26cb0687
c6d194ab	d8173a28
9bf67bdc	3df446b4
c58931be	b4b5ff57
14697c64	ad01dbe7
3dfdfa60	2556d8f3
3a45ceff	7cc01e36
1fdacfa8	9706d145
ca313ba9	91457ab3
42627713	e73e6304
3d069055	fee15a0c
b587d327	88dc9de7
2f899086	c84080db
ce7a9242	d12cdef9
9facb7c7	71703b63
0309e229	cd56cc6c
b90728ea	992d72c1
07394af5	9fb7fa93
8c00e5a6	a710a171
9dbe8b10	6828036c
698ba2a2	de415010
9a223457	b5949ad1
80009a85	0a26c0ec
ad8aa585	0522f377
bae89ecb	7ff0fa5a
3a18cc0d	7925e4dc
b53ba11d	2bdb85f3
0561577c	0c21fc0f
b3ddaf5f	c45315ae
820d2abc	a19345b7
bebc91f1	bcab6274
03d29a76	eabe6e6d
99584390	c9592ea8
b47b4ebd	302dca18
f944626b	90a3c462
2d0fab95	08a32c70
27268f4a	ca4f5463
b14d1074	5d5d6316
ca516602	ed2f66d4
03a2af91	1d741936
9d7d6a80	e282e4f8
84996d16	e9c28317
da7ca56c	835b773c
9c7137fc	f06ea15c
027d4f8a	5c884aaf
19cf6d55	b92d8293
ef5b0ebe	b2270015
bd3caac4	5009f5f1
70813554	bd641f84
9aa5d67c	94326bc5
51cc6a71	3dd93d65
b6039de5	1f5c0671
3298f383	15f76b00
5ab6dd2e	50a9d77f
6c018118	d9023fa0
b0d958f6	dde8323b
a3e43498	d6d9e092
20cc258f	e08623c1
5b816007	fb659230
00f09e95	3d1a0a98
ae14489e	027a3030
88c2787b	95c94a38
3d3e3ce5	4895992d
d5936947	01d3fb27
8a4fd4f4	6bd8af43
b98b5306	8f2219d9
fdc0395d	05e79297
d87d82b2	8a331db4
40c1c18f	55d2e8e6
62a26caa	925675b0
c504c1c5	2335b59c
2d9a9d2e	f4ed8d6b
9a433c72	39450a01
829e3bd2	d2324bf4
7608f4a1	fe0277bf
8c1d0966	cef2ee33
6557c4aa	8ad47d2b
fc990dca	d15351e4
2eaa801d	0fb0fd2f
7a058c0b	bfea4343
20fb1690	bb6b1f17
24b44aaf	e819dc58
f8237723	030694af
04f2298d	814ecb37
7dcdcaf8	28f1bc30
f16e45af	cadd3eb2
6daee9e4	8c74c2ee
9859d78f	8b3e17d5
3d406b23	43db8ec8
62bf14bd	2960024f
2dfc5950	39453bb8
c5b68254	7fd3e726
cd4ea7b6	17f1f048
b4877bfb	74c52bf2
ab39766d	a93cd102
904f7212	6bd82a5e
e5350ace	71acd53d
677f5958	3e495ea2
0b5a2a9d	2788e221
833ac86b	ad5ed9f3
4f99e295	0d9db97d
e49d4611	c32a4be5
9f43001e	ec8938f6
a9e6cc1b	8e72edca
a0004411	0c8ee0c9
432cd84b	76a1a031
5ab31d19	4fd0f436
eb33ecd9	86360fd4
efdcf4d5	d319fbcd
0272f205	001c0ef7
25191608	e38510bf
5060e74f	b0558d7a
0dc7fd9d	afa53854
ca1aa554	0b6b1d4d
8ce59458	8f6c55c5
2c3247cf	0ca1bad2
4a06cc10	2c9c9d45
5ccd0fe4	92829688
6882fd54	bf7ce18b
4714f14f	36a95f8e
e3d6673a	76011ac2
00039f63	ace0011a
6bdd211b	f854ea70
3a21d005	d0b45d34
87ff12ff	ad4ee43b
9e0fbfc6	a02c3a80
a7ca7f1a	c229a424
1a48f6aa	c2dff268
14d4ff5e	79bc4d7a
81835ec7	6790b19e
f060313a	90325b88
31d7d446	a7dc9ee1
7acdfc51	f99abe06
42f0d0b0	0a025196
2ece764a	98bb18dc
5f0f4ba0	d25e8fbb
90815efc	72d75f73
1ee4b2d1	34408b68
e59add5a	80341422
fb64e601	44bd7f4b
1b955c27	04bbe94c
49965f81	04d3acd7
6e731f68	aa494899
68f4d895	9a8ecb14
f4b1be5f	9898e737
4e21a023	68d29060
d05156ce	b99a0c69
63e1f712	fb50c84c
0cfc68ce	39b80787
d1f44aa4	3eac9491
e43a3532	abeec62f
0107b551	c8aa0ed4
e5f9349c	06505e3d
ff61e941	761babc9
5de0b586	87e21792
f616613f	335a15ab
63b51f19	adbce2a4
8176684d	30586177
eed84198	571472aa
03c1ac53	84838c3c
57b6d2d1	4db6e606
dde20f44	b177338e
59d45d4f	a35495d0
6aa347de	c3a20ecc
e8a350b1	78d66414
cd77e789	56667f79
261b3572	7ea99a54
80b5cc9a	e357e7da
55612b5e	a295e4b1
a5510347	127e9a7a
bee5a4ab	7d5f76a0
49c93b6d	664157af
efbe5a5a	b41374fe
69bd25d9	9cbec7a7
1b85332f	9fb04a61
0f50ee8b	53376e9b
48149c00	3f5bdcb4
d8b25892	e452d560
1c498d22	8e234cff
cfcba0da	1027dfa8
cf27c080	7c597110
d99886f4	3612b4d5
b364a5fb	d4b0d240
375f5bd1	b706b916
7d56e3ff	c86417cd
bd0f3c2b	ec18c6bc
7ed3d3b5	93cad67f
27ac2690	05a0c87f
96d1c826	b5820101
aefa8d54	960acc6c
3c48e180	a1cbfd20
c5d9052b	e6507d5e
571f9488	7727292d
18c1d5df	6d03612f
e3bd5a72	f300709d
01a23589	6b5c831f
09d99286	978be40a
11f3e029	350381bb
4f2d1219	0e7e4783
6f288c1e	eafd3613
f30e1e7e	7d2e252d
f2b47cdd	c3dc87ca
86ccd93d	6ff20501
533bec91	dc6b9a19
89860c1e	46ccfdf9
5d5465c4	926a0592
6141d6d7	94826380
c596e428	3157c4c0
0ecca0ac	1975d14f
24866a95	b5364961
1473b906	d438921a
ea0c308d	afcaee99
598db45a	c4598780
45d6bc99	30d8d0e3
ebeaeb04	80a80b37
b1ddc41a	985b9a21
12179cba	c181995f
b3f5fa77	b415b877
1fee6e9f	57ac5ecd
da91138d	3fa4b225
9faf23c3	2b61b5d8
9347b83b	3015ccdc
754607cc	230f849e
ad132b07	f1030c3d
38cd9b17	ec26ba42
7247355e	eca6b4fd
ed8973d5	64543808
c56388fc	cf9bb43f
9e5a02c1	8a06d780
ecab5e29	bc34baa5
8ca602e6	3ffa1b49
ca469742	47e7bc44
55861842	d98a2ba7
c4d7fa0c	aaf5d71a
ca184d5b	ecccc34d
c98038d4	200788df
41bf838d	52bbb08b
82876316	38c818a0
30c89c72	dbcb9350
142d350c	00f680c3
3feb3736	e7198352
42dc2092	7a37c330
ec52293f	ad44fcf6
5a026048	05885d48
561f8da7	ade6239f
7ca3985c	c2235d1a
20c7db3c	30adb3ef
bd33e6c9	0935aadb
2c89dc43	b5404f3f
2b286e74	62b5cef4
699bbda8	5df3f78e
a9816f1a	8dca2ac6
1c0d4d78	66c255a5
71269e21	89194c7f
f3c2cd90	304ff715
3c40ca23	db0a585f
04a27e72	232061f7
dc60af8a	a3bc2c30
3e2882ea	1a9c2a17
129f9f28	3b3eb66c
555be892	66483c6b
989b098d	67d02772
5ac95957	e89015d7
1923caef	37651f4b
49fbdecb	6dd4249a
84eb28b6	e74325a8
3d0a4f43	88e933b1
71ade762	c0f3e8c5
35b9baba	7d0b49a3
92431d6a	665ebe06
8c7a2bbb	79f7ae2d
e540a7b9	ba9a6ff2
9b4df58d	1971e5a1
b9bf10e6	cdd1defa
969b958a	330397ee
afbd20a9	c0c968fc
03d1c67f	088e1163
bb4ba077	7afd7352
36a3346a	991b444a
94333e40	8c17ddb3
4399c963	9d8b98d8
61220522	56d70461
91885de0	09fc2505
2190b3b3	4fdf4417
f676c98f	d3b83bb0
