id	Wlambda1.unity	Wlambda2.unity	Wlambda3.unity	Wnu1.unity	Wnu2.unity	Wgamma1.unity	Wgamma2.unity	Wgamma3.unity	Weta1.unity	Weta2.unity	Weta3.unity	WT.unity	WA.unity	WV.unity	WK.unity	WG.unity	WD.unity	BCUTw.1l	BCUTw.1h	BCUTc.1l	BCUTc.1h	BCUTp.1l	BCUTp.1h	Fsp3	XLogP	MW	LipinskiFailures	nRotB	MLogP	nAtomP	nAtomLC	nB	nBase	nAtom	nAromBond	naAromAtom	ALogP	ALogp2	AMR	nAcid	nSmallRings	nAromRings	nRingBlocks	nAromBlocks	nRings3	nRings4	nRings5	nRings6	nRings7	nRings8	nRings9	tpsaEfficiency	Zagreb	WPATH	WPOL	WTPT.1	WTPT.2	WTPT.3	WTPT.4	WTPT.5	VAdjMat	VABC	TopoPSA	topoShape	geomShape	PetitjeanNumber	MDEC.11	MDEC.12	MDEC.13	MDEC.14	MDEC.22	MDEC.23	MDEC.24	MDEC.33	MDEC.34	MDEC.44	MDEO.11	MDEO.12	MDEO.22	MDEN.11	MDEN.12	MDEN.13	MDEN.22	MDEN.23	MDEN.33	khs.sLi	khs.ssBe	khs.ssssBe	khs.ssBH	khs.sssB	khs.ssssB	khs.sCH3	khs.dCH2	khs.ssCH2	khs.tCH	khs.dsCH	khs.aaCH	khs.sssCH	khs.ddC	khs.tsC	khs.dssC	khs.aasC	khs.aaaC	khs.ssssC	khs.sNH3	khs.sNH2	khs.ssNH2	khs.dNH	khs.ssNH	khs.aaNH	khs.tN	khs.sssNH	khs.dsN	khs.aaN	khs.sssN	khs.ddsN	khs.aasN	khs.ssssN	khs.sOH	khs.dO	khs.ssO	khs.aaO	khs.sF	khs.sSiH3	khs.ssSiH2	khs.sssSiH	khs.ssssSi	khs.sPH2	khs.ssPH	khs.sssP	khs.dsssP	khs.sssssP	khs.sSH	khs.dS	khs.ssS	khs.aaS	khs.dssS	khs.ddssS	khs.sCl	khs.sGeH3	khs.ssGeH2	khs.sssGeH	khs.ssssGe	khs.sAsH2	khs.ssAsH	khs.sssAs	khs.sssdAs	khs.sssssAs	khs.sSeH	khs.dSe	khs.ssSe	khs.aaSe	khs.dssSe	khs.ddssSe	khs.sBr	khs.sSnH3	khs.ssSnH2	khs.sssSnH	khs.ssssSn	khs.sI	khs.sPbH3	khs.ssPbH2	khs.sssPbH	khs.ssssPb	Kier1	Kier2	Kier3	HybRatio	fragC	FMF	ECCEN	SP.0	SP.1	SP.2	SP.3	SP.4	SP.5	SP.6	SP.7	VP.0	VP.1	VP.2	VP.3	VP.4	VP.5	VP.6	VP.7	SPC.4	SPC.5	SPC.6	VPC.4	VPC.5	VPC.6	SC.3	SC.4	SC.5	SC.6	VC.3	VC.4	VC.5	VC.6	SCH.3	SCH.4	SCH.5	SCH.6	SCH.7	VCH.3	VCH.4	VCH.5	VCH.6	VCH.7	C1SP1	C2SP1	C1SP2	C2SP2	C3SP2	C1SP3	C2SP3	C3SP3	C4SP3	ATSp1	ATSp2	ATSp3	ATSp4	ATSp5	ATSm1	ATSm2	ATSm3	ATSm4	ATSm5	ATSc1	ATSc2	ATSc3	ATSc4	ATSc5	nHBDon	nHBAcc	PPSA.1	PPSA.2	PPSA.3	PNSA.1	PNSA.2	PNSA.3	DPSA.1	DPSA.2	DPSA.3	FPSA.1	FPSA.2	FPSA.3	FNSA.1	FNSA.2	FNSA.3	WPSA.1	WPSA.2	WPSA.3	WNSA.1	WNSA.2	WNSA.3	RPCG	RNCG	RPCS	RNCS	THSA	TPSA	RHSA	RPSA	bpol	apol	MOMI.X	MOMI.Y	MOMI.Z	MOMI.XY	MOMI.XZ	MOMI.YZ	MOMI.R	LOBMAX	LOBMIN	GRAV.1	GRAV.2	GRAV.3	GRAVH.1	GRAVH.2	GRAVH.3	GRAV.4	GRAV.5	GRAV.6
0052_00001																		11.996141427024572	16.00540010408487	-0.3826432611228502	0.29388800257687986	4.998514972428578	10.766544982354825	0.13636363636363635	2.7159999999999993	458.3725775014634	2	4	2.67	12	14	36	0	51	0	0	-1.3530000000000013	1.8306090000000035	120.84000000000002	0	4	3	3	3	0	0	0	4	0	0	0	0.4308589849346428	180	3056	60	66.8498574543478	2.0257532561923575	29.094420058682793	29.094420058682793	0	6.169925001442312		197.36999999999998	0.8571428571428571		0.46153846153846156	0	0	0	0	4.26407639045016	26.27893126673435	0	24.172436435226032	0	0	4.597112015004536	3.2997723072145946	0.33333333333333337	0	0	0	0	0	0	0	0	0	0	0	0	0	0	1	0	0	6	2	0	0	1	12	0	0	0	0	0	0	0	0	0	0	0	0	0	0	0	0	8	1	2	0	0	0	0	0	0	0	0	0	0	0	0	0	0	0	0	0	0	0	0	0	0	0	0	0	0	0	0	0	0	0	0	0	0	0	0	0	0	0	0	0	0	0	26.074074074074073	10.545953360768175	5.555555555555555	0.13636363636363635	1860.11	0.7272727272727273	729	24.024215068523315	15.544621651056172	15.176456719616743	12.94418449573279	10.239575793442924	8.231496370577013	6.20916125695886	4.411699969159878	16.628362570094808	9.470543102609698	7.398788707989219	5.151455084565348	3.5510570821658294	2.475786791646339	1.481562225669458	0.8973282726029598	7.2505237849324224	10.556816177678236	15.423005921906324	1.93752364853198	2.4462711641736807	2.9643000849882757	3.0266210700702336	0	0.9625313742464444	0	1.0418929945299837	0	0.1576013379848521	0	0	0	0	0.2222222222222222	0.7298793445280387	0	0	0	0.0865562612162344	0.16798303813909685	0	0	1	15	3	0	3	0	0	2044.6988636872802	2461.026526631346	3591.9633876071844	3874.26092387228	3457.3156483472117	41.519159390950406	40.317195702723325	62.744676486722476	73.50301251454911	65.83882856028396	0.9186588925993233	-0.30121696959817146	-0.152635703577727	0.09231954820635747	-0.3119206179338759	8	11																														24.467726000000006	59.544273999999966																		
0052_00004																		11.993511897447684	15.995919193255036	-0.37210800196837396	0.3713312804338426	4.21186274615555	9.514808388303623	0.8571428571428571	-0.6180000000000001	143.18389413942606	0	1	1.9	2	5	10	2	23	0	0	-1.5533000000000001	2.4127408900000002	33.9542	1	1	0	1	0	0	0	1	0	0	0	0	0.2804437898735284	50	108	12	19.089998587988447	1.9089998587988446	8.182970460858986	4.7999998475824635	3.3829706132765245	4.321928094887363		40.129999999999995	1		0.5	0.4999999999999999	2.2894284851066637	1.6329931618554518	0	2.381101577952299	2.94168275343288	0	1	0	0	0.4999999999999999	0	0	0	0	0	0	0	0	0	0	0	0	0	0	2	0	3	0	0	0	1	0	0	1	0	0	0	0	0	0	0	0	0	0	0	0	0	0	0	0	1	0	1	0	0	0	0	0	0	0	0	0	0	0	0	0	0	0	0	0	0	0	0	0	0	0	0	0	0	0	0	0	0	0	0	0	0	0	0	0	0	0	0	0	0	0	0	8.1	2.56	1.5501730103806228	0.8571428571428571	439.03	0.5	65	7.776020881938894	4.538510687364535	4.731319728946598	3.1447508172067735	2.589425612194522	0.9284683477238036	0.3535533905932738	0.23570226039551587	6.314025684399679	4.223509423127566	4.622834967746881	3.2145437230292426	2.1185780690472513	0.8050211698203656	0.2032631323962854	0.05892556509887897	2.47428345600362	4.0774498301588675	3.528077316046199	2.5032492308681813	2.8998589752497956	1.846605612871894	1.501661279183041	0.20412414523193154	0.4023689270621825	0.08333333333333333	1.6299361269508954	0.2886751345948129	0.348461712529338	0.10206207261596577	0	0	0.10206207261596577	0.2630497103308105	0.3377643330114816	0	0	0.14433756729740646	0.36084391824351614	0.3181379171442524	0	0	1	0	0	1	3	0	0	513.8951362187504	584.7097866875006	817.1490526406257	532.7627731250003	243.08990956250014	11.908918372358372	11.328911686986908	16.93719878934741	13.771107148398361	10.656735817060518	0.3913458147807012	-0.2308851847488123	-0.07872889970273891	0.22726265325984238	-0.11332147619864176	0	2																														18.767690999999996	23.692309																		
0052_00008																		11.996186363935342	16.000796306156158	-0.41325361093340174	0.11715905700019634	4.917999220353367	9.940203372828423	0.2	0.5839999999999999	290.26863857079735	0	1	2.4499999999999997	9	11	23	0	35	0	0	-0.6775999999999996	0.4591417599999995	80.9552	0	3	2	2	2	0	0	0	3	0	0	0	0.3805169813527004	114	894	36	42.6898301275907	2.0328490536947954	15.885370224185047	15.885370224185047	0	5.523561956057013		110.38000000000001	1		0.5	0	0	0	0	3.941835724486232	18.238845389844567	0	11.493957184927222	0	0	1.5293315216446943	1.1676091936278357	0	0	0	0	0	0	0	0	0	0	0	0	0	0	0	1	0	0	5	2	0	0	0	7	0	0	0	0	0	0	0	0	0	0	0	0	0	0	0	0	5	0	1	0	0	0	0	0	0	0	0	0	0	0	0	0	0	0	0	0	0	0	0	0	0	0	0	0	0	0	0	0	0	0	0	0	0	0	0	0	0	0	0	0	0	0	15.879017013232515	6.2456747404844295	3.2	0.2	949.06	0.7619047619047619	353	15.145899891012467	9.952397498181154	9.618037355274096	8.009677351986744	6.57880977437986	5.423061879808872	3.8114296524810074	2.7082644050292046	10.892874933477584	6.368997045451646	4.999660465994341	3.514868397915128	2.4659579388339496	1.751360280759812	0.9978842203355122	0.5977543268042149	4.159814256244642	6.215265527833552	9.185832596730208	1.2879404609442775	1.6582828971006827	2.027200688726831	1.8369830364861184	0	0.4951995198844963	0	0.6851743612554221	0	0.1045188079563044	0	0	0	0	0.17915249285508827	0.5240343003282567	0	0	0	0.06894585576580214	0.12597936401762247	0	0	0	10	2	0	3	0	0	1277.6024047132073	1526.3674926992508	2201.571427970362	2257.231443654013	1807.4227137522823	25.646814213245676	25.324643839927948	38.649287679855895	42.862409705202914	36.64060280934617	0.4701946970077348	-0.12289857807479539	-0.13510590507033954	-0.010170815464871396	0.08319805938164665	5	6																														17.220898000000002	40.54710199999999																		
0052_00015																		11.996186357611723	16.00165515675966	-0.4132611542761943	0.13260800306303402	5.000686187216064	9.999017578574751	0.2	0.9319999999999997	306.26804349836675	1	1	2.34	9	11	24	0	36	0	0	-1.2407000000000001	1.5393364900000004	82.5607	0	3	2	2	2	0	0	0	3	0	0	0	0.42672693563922026	120	1005	39	44.53256061678637	2.024207300763017	18.396021193351594	18.396021193351594	0	5.584962500721157		130.61	1		0.5	0	0	0	0	2.601022702043388	16.970177874448087	0	14.086413318443276	0	0	2.40641864983632	1.3654081820365347	0	0	0	0	0	0	0	0	0	0	0	0	0	0	0	1	0	0	4	2	0	0	0	8	0	0	0	0	0	0	0	0	0	0	0	0	0	0	0	0	6	0	1	0	0	0	0	0	0	0	0	0	0	0	0	0	0	0	0	0	0	0	0	0	0	0	0	0	0	0	0	0	0	0	0	0	0	0	0	0	0	0	0	0	0	0	16.84375	6.481481481481482	3.298611111111111	0.2	982.07	0.7272727272727273	370	16.016143379015546	10.363081100704113	10.13550610287653	8.515144899300413	6.991789411131208	5.53346542606298	4.0825221036657	2.79228573623918	11.262738259787916	6.509270509868292	5.159271497708392	3.6074088478598143	2.538128497424279	1.768358604993748	1.0354121485127386	0.6053397661035003	4.703502167811345	7.205812441987041	10.453827676992857	1.380068335038177	1.7874488204893877	2.167818933056475	2.0294331262159937	0	0.6006983801937382	0	0.7410760606929168	0	0.11671965474911902	0	0	0	0	0.16666666666666666	0.5474095083960289	0	0	0	0.06572292788290107	0.1305528813100014	0	0	0	10	2	0	3	0	0	1329.2700349855422	1595.7015174655244	2323.1091104752627	2414.1973528802487	1960.249388420872	27.421283248786622	26.65673581706051	41.31347163412102	47.30106269500899	41.07925579915224	0.5389855371351524	-0.12372411351738742	-0.16980777063586072	-0.009911827335780414	0.0599032425013742	6	7																														17.220898000000002	41.34910199999999																		
0052_00018																		11.996177848552758	16.003482312115484	-0.4139150629337121	0.2914450889799132	4.358673876184518	9.334164794754528	0.375	-0.9679999999999997	354.30935226559666	1	5	2.2299999999999995	13	14	26	0	43	0	0	-1.4737000000000007	2.171791690000002	86.69760000000001	1	2	1	2	1	0	0	0	2	0	0	0	0.4652705113267257	128	1646	40	49.27555833307897	1.9710223333231587	22.974538545281675	22.974538545281675	0	5.700439718141093		164.75	0.8571428571428571		0.46153846153846156	0	0	0	0	5.5474065075944186	15.256409566734247	1.736739367870647	6.642373604634902	2.203014033315397	0	4.284495377644848	1.8282689282024467	0	0	0	0	0	0	0	0	0	0	0	0	0	0	0	2	0	2	3	3	0	0	2	3	0	1	0	0	0	0	0	0	0	0	0	0	0	0	0	0	6	2	1	0	0	0	0	0	0	0	0	0	0	0	0	0	0	0	0	0	0	0	0	0	0	0	0	0	0	0	0	0	0	0	0	0	0	0	0	0	0	0	0	0	0	0	21.301775147928993	8.79224376731302	5.489603024574669	0.375	1336.09	0.64	533	18.77565640300939	11.619716704747374	11.365329277926126	9.031387233783942	6.0997591387662675	5.03685350781182	3.226178660796727	1.740408713191797	12.941042160281443	7.347887169602035	5.859749012350622	3.9377987444630063	2.534281180389808	1.7077633299828658	0.8480512520494088	0.35337581547459024	5.910728187213208	6.883766016641	10.254617515409157	1.6593313051485121	1.9304764489045882	2.232020854477245	2.650283809765916	0.14433756729740646	0.9515603327808282	0.14433756729740646	1.0016984372994298	0.05590169943749474	0.12041770580311839	0.010206207261596576	0	0	0	0.11615390417644599	0.390331321867596	0	0	0	0.07216878364870322	0.14365330172047	0	0	2	7	1	0	5	1	0	1341.469190988967	1551.8618762860215	2140.905913605572	2113.6468099248846	1666.9612883572456	31.970221319868514	29.320919771325638	45.19450168233547	50.18209274322344	40.30106269500899	0.8707793765772418	-0.2823861194259619	-0.15597331003107864	0.09462565523656867	-0.1760160813290319	6	9																														23.509726000000004	47.38027399999998																		
0052_00020																		11.996146206675409	16.00539734234564	-0.4527553441566653	0.193313186662424	4.373093538238569	10.28079501818989	0.2857142857142857	0.393	449.38566386615275	1	4	2.56	21	13	35	1	53	0	0	-2.7103000000000015	7.345726090000008	113.7484	0	4	3	3	2	0	0	0	4	0	0	0	0.4014621088260754	174	2753	59	65.05477084481166	2.0329615889003643	29.693386183737523	29.693386183737523	0	6.129283016944966		180.29999999999998	1		0.5	0	0	0	0	4.449070659919922	24.051862639817323	0	22.52084815525257	0	0	3.6079825914343284	4.501193290665573	0.9654893846056297	0	0	0	0	0	0	0	0	0	0	0	0	0	0	1	0	0	6	5	0	0	0	7	2	0	0	0	0	0	0	0	0	0	0	0	0	0	0	0	8	0	2	1	0	0	0	0	0	0	0	0	0	0	0	0	0	0	0	0	0	0	0	0	0	0	0	0	0	0	0	0	0	0	0	0	0	0	0	0	0	0	0	0	0	0	25.103673469387754	10.318047337278106	5.1775441380678435	0.2857142857142857	2144.11	0.71875	651	23.153971580520242	15.188779603399604	14.37799551768345	12.696443297238204	10.044326333861108	8.192695693011467	6.137671978171913	4.492873787286758	16.5846206192335	9.740604387789048	7.624033185309571	5.474562804995039	3.736516150327821	2.6029247761315752	1.543144093698937	0.9263118332775584	6.8273516904120735	10.179591737562943	14.997751667510988	2.1211757207817445	2.6722650009748476	3.2493229601419378	2.6786310452802278	0	0.8816881687156334	0	1.062935973230671	0	0.19027312091930945	0	0	0	0	0.22451341401773972	0.7079952482365333	0	0	0	0.09390050782289587	0.1870443807611905	0	0	0	13	2	2	4	0	0	1943.0729211636576	2339.966308296006	3417.9826715766276	3727.011774974158	3323.9230124185888	40.519159390950406	39.64928767985589	61.07676846385503	73.83014368977425	65.39149069996816	1.2096671144392765	-0.3495869663029661	-0.4053707871365001	0.12848710504614494	-0.14680248251006525	8	10																														28.705347000000007	59.78465299999997																		
0052_00027																		11.99626876247686	15.999286705369663	-0.38277706253781296	0.2833795906455344	3.897293782469362	8.888256739269902	0	0.6200000000000001	180.1577688119759	0	2	2.0100000000000002	13	9	13	0	21	0	0	0.3096	0.09585215999999999	50.48460000000001	1	1	1	1	1	0	0	0	1	0	0	0	0.4318986026851603	60	270	15	25.245672642489428	1.941974818653033	9.800274410625477	9.800274410625477	0	4.700439718141093		77.76	1		0.5	0	0	0	0	4.556553777464422	9.39074121793227	0	2.102578844744821	0	0	1.1634026079003021	0	0	0	0	0	0	0	0	0	0	0	0	0	0	0	0	0	0	2	3	0	0	0	1	3	0	0	0	0	0	0	0	0	0	0	0	0	0	0	0	0	3	1	0	0	0	0	0	0	0	0	0	0	0	0	0	0	0	0	0	0	0	0	0	0	0	0	0	0	0	0	0	0	0	0	0	0	0	0	0	0	0	0	0	0	0	0	11.076923076923077	5.024221453287197	3.7037037037037037	0	285.04	0.46153846153846156	157	9.84493498269124	6.0922241528750165	5.604842821061983	3.85904486272	2.4902784216294163	2.078564660283314	1.1422187579240577	0.6380223024590974	6.636640422911867	3.5236620127174136	2.419722724044893	1.4178307106627879	0.81164442946487	0.5204030220948942	0.21354522919208907	0.08391371894752965	1.8026886836663698	1.8075314994325256	2.514225845927942	0.39146595152843633	0.3712765476642682	0.38757904414113287	1.0837769564868263	0	0.16666666666666666	0	0.2780291174079912	0	0.016666666666666666	0	0	0	0	0.06804138174397717	0.18419528592042317	0	0	0	0.024056261216234408	0.03540546303448565	0	0	1	7	1	0	0	0	0	593.8273000185396	652.1868260215758	816.093237794632	706.6534711886294	450.57340712670907	16.097876142163784	14.328367908530256	19.76702089833633	17.76702089833633	11.66045988566282	0.3188312337325826	-0.13157657213102741	-0.049174387668791314	0.02681691190271317	0.021659615203991227	3	4																														9.703655999999997	24.382343999999993																		
0052_00032																		11.996186363935342	16.000796306156158	-0.41325361093340174	0.11715905700019634	4.917999220353367	9.940203372828423	0.2	0.5839999999999999	290.26863857079735	0	1	2.4499999999999997	9	11	23	0	35	0	0	-0.6775999999999996	0.4591417599999995	80.9552	0	3	2	2	2	0	0	0	3	0	0	0	0.3805169813527004	114	894	36	42.6898301275907	2.0328490536947954	15.885370224185047	15.885370224185047	0	5.523561956057013		110.38000000000001	1		0.5	0	0	0	0	3.941835724486232	18.238845389844567	0	11.493957184927222	0	0	1.5293315216446943	1.1676091936278357	0	0	0	0	0	0	0	0	0	0	0	0	0	0	0	1	0	0	5	2	0	0	0	7	0	0	0	0	0	0	0	0	0	0	0	0	0	0	0	0	5	0	1	0	0	0	0	0	0	0	0	0	0	0	0	0	0	0	0	0	0	0	0	0	0	0	0	0	0	0	0	0	0	0	0	0	0	0	0	0	0	0	0	0	0	0	15.879017013232515	6.2456747404844295	3.2	0.2	949.06	0.7619047619047619	353	15.145899891012467	9.952397498181154	9.618037355274096	8.009677351986744	6.57880977437986	5.423061879808872	3.8114296524810074	2.7082644050292046	10.892874933477584	6.368997045451646	4.999660465994341	3.514868397915128	2.4659579388339496	1.751360280759812	0.9978842203355122	0.5977543268042149	4.159814256244642	6.215265527833552	9.185832596730208	1.2879404609442775	1.6582828971006827	2.027200688726831	1.8369830364861184	0	0.4951995198844963	0	0.6851743612554221	0	0.1045188079563044	0	0	0	0	0.17915249285508827	0.5240343003282567	0	0	0	0.06894585576580214	0.12597936401762247	0	0	0	10	2	0	3	0	0	1277.6024047132073	1526.3674926992508	2201.571427970362	2257.231443654013	1807.4227137522823	25.646814213245676	25.324643839927948	38.649287679855895	42.862409705202914	36.64060280934617	0.4701946970077348	-0.12289857807479539	-0.13510590507033954	-0.010170815464871396	0.08319805938164665	5	6																														17.220898000000002	40.54710199999999																		
0052_00033																		11.996141427024572	16.00540010408487	-0.3826432611228502	0.29388800257687986	4.998514972428578	10.766544982354825	0.13636363636363635	2.7159999999999993	458.3725775014634	2	4	2.67	12	14	36	0	51	0	0	-1.3530000000000013	1.8306090000000035	120.84000000000002	0	4	3	3	3	0	0	0	4	0	0	0	0.4308589849346428	180	3056	60	66.8498574543478	2.0257532561923575	29.094420058682793	29.094420058682793	0	6.169925001442312		197.36999999999998	0.8571428571428571		0.46153846153846156	0	0	0	0	4.26407639045016	26.27893126673435	0	24.172436435226032	0	0	4.597112015004536	3.2997723072145946	0.33333333333333337	0	0	0	0	0	0	0	0	0	0	0	0	0	0	1	0	0	6	2	0	0	1	12	0	0	0	0	0	0	0	0	0	0	0	0	0	0	0	0	8	1	2	0	0	0	0	0	0	0	0	0	0	0	0	0	0	0	0	0	0	0	0	0	0	0	0	0	0	0	0	0	0	0	0	0	0	0	0	0	0	0	0	0	0	0	26.074074074074073	10.545953360768175	5.555555555555555	0.13636363636363635	1860.11	0.7272727272727273	729	24.024215068523315	15.544621651056172	15.176456719616743	12.94418449573279	10.239575793442924	8.231496370577013	6.20916125695886	4.411699969159878	16.628362570094808	9.470543102609698	7.398788707989219	5.151455084565348	3.5510570821658294	2.475786791646339	1.481562225669458	0.8973282726029598	7.2505237849324224	10.556816177678236	15.423005921906324	1.93752364853198	2.4462711641736807	2.9643000849882757	3.0266210700702336	0	0.9625313742464444	0	1.0418929945299837	0	0.1576013379848521	0	0	0	0	0.2222222222222222	0.7298793445280387	0	0	0	0.0865562612162344	0.16798303813909685	0	0	1	15	3	0	3	0	0	2044.6988636872802	2461.026526631346	3591.9633876071844	3874.26092387228	3457.3156483472117	41.519159390950406	40.317195702723325	62.744676486722476	73.50301251454911	65.83882856028396	0.9186588925993233	-0.30121696959817146	-0.152635703577727	0.09231954820635747	-0.3119206179338759	8	11																														24.467726000000006	59.544273999999966																		
0052_00034																		11.996146210232206	16.004439063617365	-0.38775483306866143	0.2910902373289225	4.122255936396084	10.250775725556657	0.23809523809523808	-0.025000000000000022	430.362436677106	0	4	2.67	19	17	34	0	49	0	0	-1.7061	2.91077721	109.95799999999998	1	4	3	3	2	0	0	0	4	0	0	0	0.3789439446793634	168	2894	56	63.17875066982968	2.0380242151557963	26.955395900088362	26.955395900088362	0	6.08746284125034		162.98	1		0.5	0	0	0	0	7.6876479998710066	22.51215466956718	0	17.740143988389526	0	0	2.958600338040959	3.8041115271033363	0.8254818122236568	0	0	0	0	0	0	0	0	0	0	0	0	0	0	0	0	0	8	5	0	0	1	4	2	0	0	0	0	0	0	0	0	0	0	0	0	0	0	0	5	2	2	1	0	0	0	0	0	0	0	0	0	0	0	0	0	0	0	0	0	0	0	0	0	0	0	0	0	0	0	0	0	0	0	0	0	0	0	0	0	0	0	0	0	0	24.134948096885815	10.092	5.086505190311419	0.23809523809523808	1774.1	0.7419354838709677	824	22.283728092517162	14.756927950821469	13.939991736414752	12.182233493870886	9.68402690075111	7.86539637842064	5.6072347511967005	3.9915943955683075	15.782862929284246	9.201200566532693	7.03628145102045	4.989602158239501	3.3056926641423305	2.2383869661878233	1.2260560637028866	0.7006014087767386	6.349738776421061	9.659340444820858	13.979949931695485	1.8153547161376289	2.2139582724138	2.565119058397367	2.5041812625434416	0	0.8263150544585844	0	0.9147049377477386	0	0.1593090255080003	0	0	0	0	0.2522911917955175	0.6274995198259123	0	0	0	0.09275457031267814	0.14729424090232546	0	0	2	11	3	1	4	0	0	1883.5452758569315	2255.051526572749	3242.150671303536	3438.9982357192694	2906.802966393446	38.74469035540946	38.317195702723325	58.522869590865724	69.0593987228356	61.39521476857046	1.1389914678476343	-0.349702464608328	-0.3001383102502966	-0.011115183341184706	0.04125433490448029	5	10																														27.341726	56.98227399999997																		
0052_00036																		11.996157100045195	16.004434060005444	-0.40701562166119487	0.2992225815366784	4.122896951358035	10.271033924445028	0.2631578947368421	-0.202	404.3250833758784	0	3	2.4499999999999997	17	15	32	0	45	0	0	-1.326100000000001	1.7585412100000024	99.72430000000001	1	4	3	2	1	0	0	0	4	0	0	0	0.40334161590449763	160	2286	54	59.23436417180682	2.042564281786442	26.934826262238285	26.934826262238285	0	6		162.98	1		0.5	0	0	0	0	4.938423643051457	19.44537700871688	0	19.087006821491645	0	0	3.107969232098337	4.065849346493451	0.8254818122236568	0	0	0	0	0	0	0	0	0	0	0	0	0	0	0	0	0	6	5	0	0	1	2	4	0	0	0	0	0	0	0	0	0	0	0	0	0	0	0	5	2	2	1	0	0	0	0	0	0	0	0	0	0	0	0	0	0	0	0	0	0	0	0	0	0	0	0	0	0	0	0	0	0	0	0	0	0	0	0	0	0	0	0	0	0	22.203125	8.859375	4.345270890725436	0.2631578947368421	1492.1	0.7241379310344828	684	20.869514530144066	13.756927950821467	13.278637801757764	11.467394433120427	9.415158055820626	7.963242375632324	5.738946565711991	4.107992183146628	14.628162390904993	8.547613983440963	6.630312163871639	4.73418937637091	3.2572494563403245	2.249084006925786	1.2565425949079707	0.7232501065521993	6.173615853011583	9.637022531031377	14.727949186261338	1.778583944584465	2.286776071505664	2.749975099603188	2.5168495300303695	0	0.8084749884269787	0	0.8941760184217924	0	0.1594847790171103	0	0	0	0	0.22680460581325723	0.6501254562761208	0	0	0	0.08705942155341075	0.1600783099328306	0	0	2	9	3	1	4	0	0	1736.0214747352018	2102.636694676157	3088.836845498443	3293.05815799302	2756.8482802353865	36.74469035540946	36.317195702723325	56.965246649274114	66.72730674570303	59.95283771016207	1.136717227159087	-0.4251375463945568	-0.210720271741409	0.0932475670121264	-0.17804902330327615	5	10																														25.155312000000002	52.128687999999975																		
0052_00038																		11.996108811774608	16.010332911365303	-0.39397900039547035	0.18885765688768885	4.356224914550788	11.698393251401324	0.625	-1.676	686.699302214312	4	15	3.2200000000000006	8	16	51	0	94	0	0	-3.1895999999999973	10.173548159999983	172.00019999999998	0	4	2	4	2	0	0	0	4	0	0	0	0.3754743413924823	246	8500	84	96.38024576390029	2.007921786747923	43.13854242961432	43.13854242961432	0	6.672425341971496		257.67999999999995	0.875		0.4666666666666667	0.07692307692307693	3.2857526161448725	4.3569355184930245	0	13.078559998210325	40.7118125520643	0	26.603419109089646	0	0	4.7094408377030295	7.80648227103824	2.2385996739863874	0	0	0	0	0	0	0	0	0	0	0	0	2	0	6	0	0	6	12	0	0	0	6	0	0	0	0	0	0	0	0	0	0	0	0	0	0	0	0	10	0	6	0	0	0	0	0	0	0	0	0	0	0	0	0	0	0	0	0	0	0	0	0	0	0	0	0	0	0	0	0	0	0	0	0	0	0	0	0	0	0	0	0	0	0	40.765859284890425	19.184413580246915	10.33203125	0.625	7153.16	0.6666666666666666	1210	35.120226906771116	22.911854916062573	20.278564158407367	18.297649513843293	13.545628172567874	10.49225377229917	7.160811560988527	4.957478297970375	26.556571230315306	15.47783543636581	12.002029980009906	8.796750011587946	5.87395886946303	4.081125629668665	2.419082223905393	1.5377358004622266	9.27710987704087	13.266781723385234	18.149039803537658	3.3523598079733037	4.063955367976677	4.790441914634393	3.367686682967479	0	1.1483802176330444	0	1.6359451491354964	0	0.2810304182221891	0	0	0	0	0.22680460581325723	0.728998440013655	0	0	0	0.10049080252036122	0.20387233728353218	0	0	0	10	2	6	10	2	0	2930.3196023602322	3428.0953257880224	4755.280127645823	5241.802877851587	4855.995503531173	60.39150456865514	58.306023496916396	84.17588133932392	105.46950976581539	90.82269555256966	1.8911068743835708	-0.6563427267601286	-0.5979074594331094	0.32986440952779084	-0.28023325356643325	10	16																														61.78352199999999	99.82447800000004																		
0052_00040																		11.996268776847213	15.998703985309863	-0.3868015604064047	0.28337362384693743	3.889942879662267	8.77063134767644	0	0.7509999999999998	164.15836388440653	0	2	2.12	12	9	12	0	20	0	0	0.8726999999999996	0.7616052899999993	48.8791	1	1	1	1	1	0	0	0	1	0	0	0	0.35069144390948226	54	223	12	23.396041245415972	1.9496701037846644	7.2934790939852645	7.2934790939852645	0	4.584962500721156		57.53	1		0.5	0	0	0	0	6.678722918034117	8.671432355990966	0	0.7937005259840998	0	0	0.5952753944880748	0	0	0	0	0	0	0	0	0	0	0	0	0	0	0	0	0	0	2	4	0	0	0	1	2	0	0	0	0	0	0	0	0	0	0	0	0	0	0	0	0	2	1	0	0	0	0	0	0	0	0	0	0	0	0	0	0	0	0	0	0	0	0	0	0	0	0	0	0	0	0	0	0	0	0	0	0	0	0	0	0	0	0	0	0	0	0	10.083333333333334	4.888888888888889	4	0	268.03	0.5	144	8.974691494688162	5.681540550352057	5.097094776993209	3.2876937002347044	2.186825977438356	1.9428090415820627	0.9985939719271201	0.4400498496721234	6.266777096601535	3.3833885483007675	2.2631032244026943	1.311448538413457	0.7529464914289509	0.5017164882728332	0.1891438675190549	0.07074145603666865	1.1299361269508954	1.1028927122074863	1.5404401145198807	0.2831619942215629	0.2626512417257168	0.2690118982087269	0.9010475702906076	0	0	0	0.22346527178440362	0	0	0	0	0	0	0.08333333333333333	0.1422588984322123	0	0	0	0.027777777777777776	0.028460107352488433	0	0	1	7	1	0	0	0	0	547.2978752557832	590.9560429355167	711.5215455164946	579.1368956645509	360.52709495288093	14.323407106622838	12.99627593139769	17.102836944071203	13.328367908530256	8.996275931397694	0.2522765772492097	-0.12420161184930817	0.0011732659560193853	-0.0022507334148924476	0.005941685043732273	2	3																														9.703655999999997	23.580343999999997																		
0052_00041																		11.988426834384558	16.00794101244207	-0.38773593553516306	0.36918277657394705	4.122954560823733	10.329844587194811	0.2631578947368421	-0.202	404.3250833758784	0	3	2.4499999999999997	17	14	32	0	45	0	0	-1.326100000000001	1.7585412100000024	99.72430000000001	1	4	3	2	1	0	0	0	4	0	0	0	0.4033416159044977	160	2270	54	59.23409433206534	2.04255497696777	26.93840166647886	26.93840166647886	0	6		162.98	0.8571428571428571		0.46153846153846156	0	0	0	0	4.748650165702347	19.351544789232243	0	19.32463418052015	0	0	3.1387648528100662	4.071811472118464	0.8254818122236568	0	0	0	0	0	0	0	0	0	0	0	0	0	0	0	0	0	6	5	0	0	1	2	4	0	0	0	0	0	0	0	0	0	0	0	0	0	0	0	5	2	2	1	0	0	0	0	0	0	0	0	0	0	0	0	0	0	0	0	0	0	0	0	0	0	0	0	0	0	0	0	0	0	0	0	0	0	0	0	0	0	0	0	0	0	22.203125	8.859375	4.345270890725436	0.2631578947368421	1492.1	0.7241379310344828	652	20.869514530144066	13.756927950821465	13.278637801757766	11.46739443312042	9.428084334266238	7.870486264158227	5.945248303656643	3.94229912074519	14.628162390904993	8.547613983440963	6.630312163871638	4.734189376370911	3.254337142377306	2.252014736049812	1.2688633568992285	0.7087929766722736	6.173615853011585	9.653625780515965	14.564950887358764	1.7785839445844647	2.283957744922024	2.755657057634976	2.5168495300303695	0	0.8084749884269786	0	0.8941760184217924	0	0.15948477901711028	0	0	0	0	0.22680460581325723	0.650125456276121	0	0	0	0.08705942155341075	0.1600783099328306	0	0	2	9	3	1	4	0	0	1738.023327003341	2105.6425100248575	3093.2107626490274	3299.2442323930027	2768.451556353411	36.74469035540946	36.317195702723325	56.965246649274114	66.72730674570303	59.95283771016207	1.136150712098813	-0.4274800049794365	-0.21883071246957742	0.10280741547199893	-0.05600671913639873	5	10																														25.155312000000002	52.128687999999975																		
0052_00043																		11.996146210232176	16.00443906361734	-0.40701978021850843	0.2910916022809487	4.119699497533318	10.301517617581808	0.23809523809523808	-0.025000000000000022	430.362436677106	0	4	2.67	19	17	34	0	49	0	0	-1.7061	2.91077721	109.95799999999998	1	4	3	3	2	0	0	0	4	0	0	0	0.3789439446793634	168	2954	56	63.170322372432096	2.037752334594584	26.932835017521047	26.932835017521047	0	6.08746284125034		162.98	1		0.5	0	0	0	0	7.6876479998710066	23.18445550373667	0	16.89782107456653	0	0	2.9155860974452303	3.5841995998653005	0.5984084805885755	0	0	0	0	0	0	0	0	0	0	0	0	0	0	0	0	0	8	5	0	0	1	4	2	0	0	0	0	0	0	0	0	0	0	0	0	0	0	0	5	2	2	1	0	0	0	0	0	0	0	0	0	0	0	0	0	0	0	0	0	0	0	0	0	0	0	0	0	0	0	0	0	0	0	0	0	0	0	0	0	0	0	0	0	0	24.134948096885815	10.092	5.086505190311419	0.23809523809523808	1774.1	0.7419354838709677	838	22.283728092517162	14.756927950821469	13.939991736414752	12.166718098236853	9.74551070470695	7.854296331475679	5.580404927822673	3.850868863351382	15.782862929284246	9.201200566532693	7.03628145102045	4.988732098071398	3.312816705870711	2.2329225931159393	1.2159391208208024	0.6895007964016184	6.3387677349554465	9.72324202483512	14.025840461698824	1.8148523866653632	2.218929346076615	2.5590468813407705	2.5041812625434416	0	0.8263150544585843	0	0.9147049377477388	0	0.1593090255080003	0	0	0	0	0.2522911917955175	0.6230206109029663	0	0	0	0.09275457031267814	0.14714923087430806	0	0	2	11	3	1	4	0	0	1875.8475405762692	2242.9219757924448	3217.063435485179	3397.9814784885252	2847.854492837564	38.74469035540946	38.317195702723325	58.52286959086573	69.05939872283562	61.39521476857046	1.139331940333182	-0.3482823953276792	-0.29462535144777263	-0.012789156630503135	-0.010219097386249622	5	10																														27.341726	56.98227399999997																		
0052_00044																		11.996195894304586	31.97207207830519	-0.38711095895897035	0.40231659919100465	4.7724466285151355	9.831507919532038	0	0.20200000000000004	308.30810615939583	0	4	2.23	21	13	22	0	33	0	0	0.2707999999999993	0.07333263999999963	85.15400000000001	1	2	2	2	2	0	0	0	2	0	0	0	0.36502291097271194	106	1042	26	41.794152859159865	1.9901977551980887	18.360052351162487	15.125816367072074	0	5.459431618637297		112.44000000000001	1		0.5	0	0	0	0	11.07093793446857	15.829367201303924	0	2.606391358446135	0	0	1.7885095043018766	1.577393361200483	0	0	0	0	0	0	0	0	0	0	0	0	0	0	0	0	0	2	7	0	0	0	0	5	0	0	0	0	0	0	0	0	0	0	0	0	0	0	0	0	3	2	1	0	0	0	0	0	0	0	0	0	0	0	0	0	0	0	0	1	0	0	0	0	0	0	0	0	0	0	0	0	0	0	0	0	0	0	0	0	0	0	0	0	0	0	17.355371900826448	7.513007284079085	6.328125	0	736.07	0.6666666666666666	408	15.457819157813606	9.815481705002746	10.012361548165575	6.157710479257248	5.255740078190704	3.941645683609697	2.804783256064307	1.4852145085878743	10.874528141960203	6.138661320617494	4.451230482206083	2.5770514668465228	1.7342991674171406	1.1088076360969872	0.5667350569980912	0.27897255471585064	2.504770922089614	4.119827532142285	4.856348469722798	0.6551665647051699	0.8213753215804424	0.816581264455492	2.750382876665242	0.35355339059327373	0	0	0.5880484572384906	0.018622264532055302	0	0	0	0	0	0.15137471507731048	0.3065253250411271	0	0	0	0.051834038994012184	0.06292821083065553	0	0	0	12	2	0	0	0	0	1293.203296326765	1451.1610793463926	1942.9498688191686	1726.0997313098744	1528.1992250339551	31.774567251695686	33.22187373800671	39.30915128059404	32.32839820329903	31.76705119310511	0.41675755064949715	-0.3084703767541999	0.16149437056597543	-0.05752629792507588	0.05640137462971302	3	6																														21.510484	40.353516																		
0052_00046																		11.996151417598302	16.00349126928432	-0.40702074599633875	0.2910708099494653	4.118245817281438	9.378670065968949	0.25	0.899	404.36817736040024	1	5	2.67	17	16	31	0	49	0	0	-0.6879000000000004	0.4732064100000006	107.2491	1	3	2	3	2	0	0	0	3	0	0	0	0.3882846641460932	150	2628	46	58.32700138534487	2.0112759098394783	23.700045737629715	23.700045737629715	0	5.954196310386876		156.91	0.875		0.4666666666666667	0	0	0	0	11.07093793446857	20.54656892187193	0	11.683023626585355	0	0	2.8563875870886197	2.772769948251055	0.4999999999999999	0	0	0	0	0	0	0	0	0	0	0	0	0	0	0	0	2	7	5	0	0	1	5	0	0	0	0	0	0	0	0	0	0	0	0	0	0	0	0	6	1	2	0	0	0	0	0	0	0	0	0	0	0	0	0	0	0	0	0	0	0	0	0	0	0	0	0	0	0	0	0	0	0	0	0	0	0	0	0	0	0	0	0	0	0	23.658688865764827	10.543388429752065	6.2571900826446285	0.25	1789.09	0.7241379310344828	739	21.12902755413791	13.740091198415863	12.964283222897528	10.37054005886763	8.271836236576522	6.192366810764589	4.250416346868025	2.701061733986768	14.990930213046104	8.646882217207732	6.538052895839406	4.338419177105288	2.847711415285146	1.833231182785215	0.9579425740236509	0.5037935260423039	5.068726948097709	7.635533503193768	10.271487173883903	1.4224555416093998	1.689105373326356	1.8272965455094685	2.403155737563001	0	0.5330974507069528	0	0.8440631246900053	0	0.08877963630633211	0	0	0	0	0.19673563623996193	0.49639333460506085	0	0	0	0.07802317903795838	0.12170586092258627	0	0	1	12	2	1	4	0	0	1641.4473281795651	1901.274608401895	2589.5117945609695	2590.78418940941	2165.8958674195524	35.970221319868514	34.6530117484582	51.526593659468034	57.06684686004021	50.29237782449926	0.9442373295221989	-0.28086845872032956	-0.2864416133881739	0.08453759062219375	-0.15477923523679202	6	9																														26.65414	55.753859999999975																		
0052_00047																		11.996249451005689	15.999287576689685	-0.3827526329870229	0.28338425499089637	3.907117678547061	9.045445045634871	0.1	0.512	194.1843862164155	0	3	2.12	13	9	14	0	24	0	0	0.37409999999999954	0.13995080999999965	55.52260000000001	1	1	1	1	1	0	0	0	1	0	0	0	0.34402102127815115	64	330	17	27.26628789792275	1.947591992708768	10.090221212491887	10.090221212491887	0	4.807354922057604		66.76	1		0.5	0	1.1166459711038097	1.1110476136047163	0	4.556553777464422	9.39074121793227	0	2.102578844744821	0	0	0.5952753944880748	0.5684367439851988	0	0	0	0	0	0	0	0	0	0	0	0	0	1	0	0	0	2	3	0	0	0	1	3	0	0	0	0	0	0	0	0	0	0	0	0	0	0	0	0	2	1	1	0	0	0	0	0	0	0	0	0	0	0	0	0	0	0	0	0	0	0	0	0	0	0	0	0	0	0	0	0	0	0	0	0	0	0	0	0	0	0	0	0	0	0	12.071428571428571	5.777777777777778	3.96	0.1	394.04	0.42857142857142855	172	10.55204176387779	6.630228955335801	5.795886882718979	4.147719997314813	2.912867405951539	2.3348987940267785	1.2972113690886677	0.7565939826939675	7.597675117875773	3.912427650663229	2.6028572283419775	1.6221391452594522	0.965397779862368	0.6170921021090818	0.26608984646872846	0.12143516890994902	1.7426109077834124	2.1126811696448984	2.7171075354803462	0.4393019299558621	0.4761347964075987	0.4788435177529091	1.014741362757977	0	0.11785113019775793	0	0.27240496007007986	0	0.015214515486254614	0	0	0	0	0.06804138174397717	0.1642664266089148	0	0	0	0.024056261216234408	0.03446810347816709	0	0	1	7	1	0	0	0	0	661.4772480174867	728.3314720204467	918.4048269621583	842.8252479662477	591.3546623637238	17.097876142163784	15.66045988566282	20.76702089833633	19.76702089833633	14.992551862795386	0.4110984461695879	-0.20729627918371699	-0.04591058979944357	0.08086538422391615	-0.011526378837109712	2	4																														13.806069999999997	27.475929999999995																		
0052_00048																		11.996141430303283	16.00444156733432	-0.3826319126867942	0.2938816336285487	4.9419528306509495	10.707732845344296	0.13636363636363635	2.3680000000000003	442.373172573894	1	4	2.78	12	14	35	0	50	0	0	-0.7898999999999998	0.6239420099999997	119.2345	0	4	3	3	3	0	0	0	4	0	0	0	0.40068764557922143	174	2839	57	65.00714552842555	2.0314732977632985	26.581440701062817	26.581440701062817	0	6.129283016944966		177.14	0.8571428571428571		0.46153846153846156	0	0	0	0	5.771760156113022	27.7409392823536	0	21.189416083449366	0	0	3.54688552572725	2.934627365220486	0.33333333333333337	0	0	0	0	0	0	0	0	0	0	0	0	0	0	1	0	0	7	2	0	0	1	11	0	0	0	0	0	0	0	0	0	0	0	0	0	0	0	0	7	1	2	0	0	0	0	0	0	0	0	0	0	0	0	0	0	0	0	0	0	0	0	0	0	0	0	0	0	0	0	0	0	0	0	0	0	0	0	0	0	0	0	0	0	0	25.103673469387754	10.318047337278106	5.482041587901701	0.13636363636363635	1817.1	0.75	706	23.15397158052024	15.133938048533214	14.65898797201431	12.438716948419115	9.82659615669158	8.115921025778228	5.965303426179426	4.304702397253061	16.258499243784478	9.33026963819305	7.239177676275167	5.0589146346206615	3.4788865235755	2.4584984473563662	1.4462469901133126	0.887280476048294	6.706835873365718	9.566269263524747	14.144039800178058	1.8453957744380802	2.317105240784976	2.8231909221608307	2.834170980340358	0	0.8570325139372024	0	0.9859912950924888	0	0.14540049119203746	0	0	0	0	0.23470804841064383	0.7065041364602663	0	0	0	0.08977918909913547	0.16340952084671795	0	0	1	15	3	0	3	0	0	1991.5138804251844	2389.4155073982106	3465.913670580428	3709.4963931308907	3291.5212092686274	39.74469035540946	38.98510372559077	60.08049253245734	69.06435952474303	61.40017557047787	0.8498690290911529	-0.3003805221177701	-0.11778100607987456	0.09331574670385154	-0.28385166423989255	7	10																														24.467726000000006	58.742273999999966																		
0052_00051																		11.99614620667541	16.005397342345645	-0.38775531056888146	0.2910964435885863	4.124093307438808	10.309590401658243	0.23809523809523808	-0.10600000000000015	446.3618416046754	2	4	2.56	20	17	35	0	50	0	0	-2.2692000000000014	5.149268640000007	111.56349999999999	1	4	3	3	2	0	0	0	4	0	0	0	0.4107065611511314	174	3070	59	65.01766225544421	2.0318019454826315	29.53004777887966	29.53004777887966	0	6.129283016944966		183.20999999999998	1		0.5	0	0	0	0	5.831778724379539	20.893715766802305	0	21.219633416999855	0	0	3.877488330679725	4.450371952410103	0.8254818122236568	0	0	0	0	0	0	0	0	0	0	0	0	0	0	0	0	0	7	5	0	0	1	5	2	0	0	0	0	0	0	0	0	0	0	0	0	0	0	0	6	2	2	1	0	0	0	0	0	0	0	0	0	0	0	0	0	0	0	0	0	0	0	0	0	0	0	0	0	0	0	0	0	0	0	0	0	0	0	0	0	0	0	0	0	0	25.103673469387754	10.318047337278106	5.1775441380678435	0.23809523809523808	1817.11	0.71875	841	23.153971580520242	15.167611553344427	14.489123270482077	12.506777637659578	10.30841494750551	8.071271147101557	5.902380353649108	4.152514313018357	16.152726255594576	9.341474030949337	7.193850961435687	5.073831711405561	3.3996040491805095	2.2656794196770886	1.2595483763569457	0.7126111023308296	6.703652086388702	10.764814014158839	15.47446677407666	1.9024684872997562	2.374440022610689	2.7501709525084874	2.714911870562114	0	0.8779792581801211	0	0.9695858765358256	0	0.17119386975819928	0	0	0	0	0.23980536560709587	0.6509800604264886	0	0	0	0.08953164242977706	0.15122874018952143	0	0	2	11	3	1	4	0	0	1947.346802945314	2343.43050446888	3402.4592641099975	3660.2849585185336	3191.8450040903076	40.519159390950406	39.64928767985589	61.18705354513085	73.05567465423331	69.38280582945845	1.2017574704685567	-0.347741439834139	-0.2874729190825891	-0.1709971684804198	0.22062166666741126	6	11																														27.341726000000005	57.784273999999975																		
0052_00058																		11.99899999999999	31.97282932419838	-0.361564056314035	0.42003407889121513	5.012342529296879	9.426407256253261	0	0.20200000000000018	308.30810615939583	0	4	2.23	21	13	22	0	33	0	0	0.2707999999999993	0.07333263999999963	85.15400000000001	1	2	2	2	2	0	0	0	2	0	0	0	0.36502291097271194	106	1098	26	41.79301067391498	1.9901433654245229	18.337683690834062	15.104307509455879	0	5.459431618637297		112.44000000000001	1		0.5	0	0	0	0	11.07093793446857	15.829367201303924	0	2.606391358446135	0	0	1.5921216739166084	1.3132639022018833	0	0	0	0	0	0	0	0	0	0	0	0	0	0	0	0	0	2	7	0	0	0	0	5	0	0	0	0	0	0	0	0	0	0	0	0	0	0	0	0	3	2	1	0	0	0	0	0	0	0	0	0	0	0	0	0	0	0	0	1	0	0	0	0	0	0	0	0	0	0	0	0	0	0	0	0	0	0	0	0	0	0	0	0	0	0	17.355371900826448	7.513007284079085	6.328125	0	736.07	0.6666666666666666	416	15.457819157813606	9.815481705002746	10.012361548165575	6.126679687989182	5.411048686953726	3.864573156521926	2.445233206452869	1.657787589377255	10.874528141960203	6.138661320617494	4.451230482206082	2.575311346510314	1.7512190541708919	1.0835828539950396	0.535431470218007	0.29783824969073763	2.482828839158382	4.29888880434812	4.935415190989569	0.6541619057606374	0.83392970825326	0.790494995469475	2.750382876665242	0.35355339059327373	0	0	0.5880484572384906	0.018622264532055302	0	0	0	0	0	0.15137471507731048	0.3020464161181811	0	0	0	0.051834038994012184	0.0627832008026381	0	0	0	12	2	0	0	0	0	1276.261381687626	1427.7064796952386	1903.6664377990976	1670.5094877083375	1429.5433182090294	31.774567251695686	33.22187373800671	39.30915128059404	32.32839820329904	31.76705119310511	0.41693854382554313	-0.30780462988436635	0.1629247135718046	-0.06880446253231938	0.006946485357306197	3	6																														21.510483999999998	40.353516																		
0052_00059																		11.996116430227525	16.009332178454933	-0.4105693439890108	0.28657139221065453	4.607683972020027	10.437843068171958	0.4827586206896552	-0.9749999999999999	624.5882820581207	4	11	3.0000000000000004	13	21	47	0	80	0	0	-1.7328999999999986	3.002942409999995	155.25280000000004	0	4	2	4	2	0	0	0	4	0	0	0	0.3929635851435046	228	7398	75	88.48518867902712	2.0110270154324343	40.78339446827698	40.78339446827698	0	6.554588851677638		245.28999999999996	1		0.5	0	1.0209678736599341	2.8027038032512754	0	9.291403781709185	29.620446353563676	0	24.026206902362492	0	0	4.628668333955272	7.65109206130042	2.682461519999418	0	0	0	0	0	0	0	0	0	0	0	0	1	0	3	0	2	6	10	0	0	1	6	0	0	0	0	0	0	0	0	0	0	0	0	0	0	0	0	9	1	5	0	0	0	0	0	0	0	0	0	0	0	0	0	0	0	0	0	0	0	0	0	0	0	0	0	0	0	0	0	0	0	0	0	0	0	0	0	0	0	0	0	0	0	36.82933454051607	16.897304522165292	9.555291319857313	0.4827586206896552	4997.15	0.7272727272727273	1365	32.128663075208394	20.887156906157266	19.25347347702923	16.59660720316591	12.081760551881917	9.982184887078041	6.926076875488982	4.544107725500911	23.4880372912557	13.718561987089759	10.425004119812966	7.270448947831285	4.756599656120725	3.262246333970785	1.8171038261123316	1.0012132550342339	8.564085900602775	11.500758993414196	16.989315224799036	2.5964173894452394	3.10620845583148	3.714239156218525	3.4174006129316643	0	1.0862527662047565	0	1.3652065332995544	0	0.20308796149973918	0	0	0	0	0.22680460581325723	0.7555702524289997	0	0	0	0.10049080252036122	0.20825528571360083	0	0	1	12	2	5	9	0	0	2542.2370703862075	2968.334557148019	4117.931425900539	4412.715780499316	3928.5319195400484	55.61703553311419	53.64183954265127	79.95035037486488	95.36294875314186	81.38031849416126	1.7024871877489207	-0.6391426220979045	-0.5313157627010319	0.3969376553375373	-0.10541367917131553	9	15																														49.893451999999996	87.07454800000001																		
0052_00064																		11.996146206675412	16.005397342345642	-0.40702776567534454	0.2910978170121617	4.11975642201347	10.360330203489024	0.23809523809523808	-0.10600000000000015	446.36184160467536	2	4	2.56	20	17	35	0	50	0	0	-2.2692000000000014	5.149268640000007	111.56349999999999	1	4	3	3	2	0	0	0	4	0	0	0	0.41070656115113147	174	3190	59	65.0116988696953	2.031615589677978	29.481758769163413	29.481758769163413	0	6.129283016944966		183.21	1		0.5	0	0	0	0	5.831778724379539	22.40747262355105	0	19.52185731312969	0	0	3.6300145626065086	3.982219760159953	0.5984084805885755	0	0	0	0	0	0	0	0	0	0	0	0	0	0	0	0	0	7	5	0	0	1	5	2	0	0	0	0	0	0	0	0	0	0	0	0	0	0	0	6	2	2	1	0	0	0	0	0	0	0	0	0	0	0	0	0	0	0	0	0	0	0	0	0	0	0	0	0	0	0	0	0	0	0	0	0	0	0	0	0	0	0	0	0	0	25.103673469387754	10.318047337278106	5.1775441380678435	0.23809523809523808	1817.11	0.71875	865	23.15397158052024	15.167611553344427	14.489123270482075	12.475746846391505	10.451602612677124	7.988694263623823	5.822023604735792	3.93885186771268	16.152726255594576	9.341474030949339	7.193850961435687	5.072091591069353	3.414071279643513	2.2521667197268043	1.2454219337150554	0.6974051255971254	6.68171000345747	10.920012533367455	15.504058031522895	1.9014638283552239	2.3846571233423894	2.7351350530359273	2.7149118705621147	0	0.8779792581801211	0	0.9695858765358257	0	0.17119386975819928	0	0	0	0	0.23980536560709587	0.6428441376816705	0	0	0	0.08953164242977706	0.15095814779343744	0	0	2	11	3	1	4	0	0	1934.257201231418	2323.064070947803	3360.8422313148544	3591.0237512748295	3085.76104725665	40.519159390950406	39.64928767985589	61.18705354513086	73.05567465423331	69.38280582945845	1.202467393573219	-0.3447170802158599	-0.275194614160968	-0.17041926873702035	0.11525329725856868	6	11																														27.341726000000005	57.784273999999975																		
0052_00066																		11.996119300304889	16.009328384440973	-0.4108289465092752	0.19320471221090071	4.821689187379592	9.92874659600678	0.5357142857142857	-1.3779999999999997	610.5616646536812	3	7	2.89	11	22	47	0	77	0	0	-3.602199999999999	12.975844839999992	148.74040000000002	0	5	2	4	2	0	0	0	5	0	0	0	0.3839625166881851	234	7098	81	87.34574233481084	2.0312963333676937	41.27411155679435	41.27411155679435	0	6.554588851677638		234.28999999999996	0.9090909090909091		0.47619047619047616	0.04999999999999999	1.572221245333748	4.424535571578465	0	4.364849627480396	24.499175960608486	0	30.317342144386775	0	0	4.160729393281496	7.656179298370814	2.39127045780288	0	0	0	0	0	0	0	0	0	0	0	0	2	0	2	0	0	5	11	0	0	1	7	0	0	0	0	0	0	0	0	0	0	0	0	0	0	0	0	8	1	6	0	0	0	0	0	0	0	0	0	0	0	0	0	0	0	0	0	0	0	0	0	0	0	0	0	0	0	0	0	0	0	0	0	0	0	0	0	0	0	0	0	0	0	34.337709370755995	14.40857142857143	7.291666666666667	0.5357142857142857	4755.15	0.7209302325581395	1478	31.162043270028008	20.38715690615727	19.276336247832326	17.328283016321976	13.757575704497178	10.41494446746422	7.91263653581478	5.613984996335471	23.087264666653805	13.505219214801881	10.627871124904654	7.70231123681381	5.2024729168984525	3.484971343256644	2.074316887876259	1.2199425924799054	9.498488932559022	14.61637929992681	20.363564454325573	2.9951638187658536	3.7214301062406006	4.323475501102095	3.5794115029710234	0	1.2830772018775356	0	1.4890358176206153	0	0.26946258367278975	0	0	0	0	0.26987433518039117	0.8943763934196699	0	0	0	0.11810120797079349	0.24894254090493972	0	0	0	11	2	4	10	0	0	2596.0486480098216	3108.0284535444403	4498.733525536161	4879.234682742598	4240.9584878365895	54.61703553311419	53.97393151978384	83.17215727072161	102.24893960326375	90.5884797176009	1.7976949989835522	-0.5674313639151126	-0.5453164380288701	-0.032933907867295775	0.21648700125758025	8	15																														49.623037999999994	83.98096200000002																		
0052_00067																		11.996151417598327	16.003491269284325	-0.38775502107324217	0.29106949490106343	4.125609623919683	9.735971356258919	0.25	0.8989999999999998	404.36817736040024	1	5	2.67	17	16	31	0	49	0	0	-0.6879000000000004	0.4732064100000006	107.2491	1	3	2	3	2	0	0	0	3	0	0	0	0.3882846641460933	150	2460	46	58.32858224805827	2.0113304223468367	23.729218022689707	23.729218022689707	0	5.954196310386876		156.91	0.875		0.4666666666666667	0	0	0	0	11.07093793446857	20.339841172184073	0	13.020796801398104	0	0	3.111255587335551	3.110572064227774	0.4999999999999999	0	0	0	0	0	0	0	0	0	0	0	0	0	0	0	0	2	7	5	0	0	1	5	0	0	0	0	0	0	0	0	0	0	0	0	0	0	0	0	6	1	2	0	0	0	0	0	0	0	0	0	0	0	0	0	0	0	0	0	0	0	0	0	0	0	0	0	0	0	0	0	0	0	0	0	0	0	0	0	0	0	0	0	0	0	23.658688865764827	10.543388429752065	6.2571900826446285	0.25	1789.09	0.7241379310344828	717	21.129027554137913	13.740091198415861	12.964283222897528	10.40157085013569	8.110732935713123	6.348263746169296	4.328324674739378	2.790328716752443	14.990930213046104	8.64688221720773	6.538052895839407	4.340159297441496	2.8314230685195323	1.8600901536153984	0.9690645893561401	0.5125305617600804	5.090669031028941	7.4523747649088685	10.35843420963465	1.423460200553932	1.6769156064356932	1.856571653297715	2.403155737563001	0	0.5330974507069528	0	0.8440631246900053	0	0.08877963630633212	0	0	0	0	0.19673563623996193	0.5008722435280069	0	0	0	0.07802317903795838	0.12185087095060368	0	0	1	12	2	1	4	0	0	1657.930722868114	1924.623918461449	2629.3378339805754	2651.3319335717524	2269.285939175305	35.970221319868514	34.6530117484582	51.526593659468034	57.0668468600402	50.292377824499255	0.9438679621202084	-0.28247349245967823	-0.29322712225113295	0.08220214654744427	-0.10100260676725414	6	9																														26.65414	55.753859999999975																		
0052_00070																		11.996151429216225	16.000803473492248	-0.39640260925077786	0.1274266604088452	4.913736328125004	10.488148029894855	0.4	0.5399999999999997	362.4176071006468	0	9	3	8	14	27	0	52	0	0	0.3042000000000031	0.09253764000000188	107.17360000000002	0	2	2	2	2	0	0	0	2	0	0	0	0.2743992975848918	126	1793	40	51.7358709884423	1.9898411918631653	15.60101062642802	15.60101062642802	0	5.754887502163469		99.38000000000001	0.8571428571428571		0.46153846153846156	0.07692307692307693	3.048251528728208	2.781860584034403	0	11.48847866286977	23.47815065220363	0	6.998728513987228	0	0	0.7192637817704093	1.1938983584039293	0.09090909090909091	0	0	0	0	0	0	0	0	0	0	0	0	2	0	4	0	0	6	2	0	0	0	6	0	0	0	0	0	0	0	0	0	0	0	0	0	0	0	0	4	0	2	0	0	0	0	0	0	0	0	0	0	0	0	0	0	0	0	0	0	0	0	0	0	0	0	0	0	0	0	0	0	0	0	0	0	0	0	0	0	0	0	0	0	0	22.290809327846365	11.11111111111111	6.260869565217392	0.4	2159.06	0.6153846153846154	540	19.10408352775558	12.515100310547252	10.457439939314453	8.978496525612549	6.832643459290983	5.3184508490312385	3.170388767229024	2.216483806833513	15.052580241190759	8.453915018725725	6.305958341206279	4.619733114508535	3.064087038431492	2.062649511155336	1.1154646552652967	0.6994927206076578	3.852086616032141	5.54004107605664	7.0546792431599155	1.676457574010897	2.0570070164886713	2.28235789460653	1.5463194779215614	0	0.3190355937288492	0	0.8159861688001876	0	0.11376236430584256	0	0	0	0	0.13608276348795434	0.3285328532178296	0	0	0	0.048112522432468816	0.075179120050545	0	0	0	10	2	2	2	2	0	1581.6407996199491	1806.1874953981628	2405.3302252022704	2518.7328451190506	2218.791236092932	30.646814213245676	29.65673581706051	39.320919771325634	45.53404179667266	40.649287679855895	0.5972743714472468	-0.2666051807952546	-0.11024684676987839	0.18269136825347598	-0.13849338428488092	4	6																														32.255382	57.34861799999997																		
0052_00071																		11.988426864366758	16.007527617406893	-0.3877353537344443	0.36917510599880554	4.1228405748121855	10.212223399187026	0.2631578947368421	0.5119999999999998	388.3256784483091	0	3	2.5599999999999996	16	14	31	0	44	0	0	-0.7629999999999995	0.5821689999999992	98.11880000000002	1	4	3	2	1	0	0	0	4	0	0	0	0.36783706671441413	154	2060	52	57.383840540181026	2.049422876435037	24.387682650534188	24.387682650534188	0	5.954196310386876		142.75000000000003	0.8571428571428571		0.46153846153846156	0	0	0	0	7.175392532724764	19.06676506437639	0	17.475809720804634	0	0	2.732017994395377	3.7416237449559406	0.8254818122236568	0	0	0	0	0	0	0	0	0	0	0	0	0	0	0	0	0	7	5	0	0	1	1	4	0	0	0	0	0	0	0	0	0	0	0	0	0	0	0	4	2	2	1	0	0	0	0	0	0	0	0	0	0	0	0	0	0	0	0	0	0	0	0	0	0	0	0	0	0	0	0	0	0	0	0	0	0	0	0	0	0	0	0	0	0	21.240374609781476	8.625708884688091	4.1259765625	0.2631578947368421	1453.09	0.75	627	19.999271042140986	13.363081100704115	12.644870607026252	11.124975656386114	9.207296776286084	7.610861379114169	5.462236711714549	3.8730668739798	14.258299064594661	8.413323583168024	6.446009219620154	4.65810264336277	3.2172453708411357	2.2074110344062143	1.215962655215875	0.7032238106346208	5.820482665846085	9.242210236175074	13.824198364047566	1.70386527151059	2.2124392085363582	2.6368523080324264	2.2281743954355573	0	0.8084749884269788	0	0.8196404191717993	0	0.15948477901711028	0	0	0	0	0.24209655740261338	0.5997416992652426	0	0	0	0.09078093811495411	0.1530415394215756	0	0	2	9	3	1	4	0	0	1688.5550546370384	2039.6940619744003	2976.739777146049	3167.7084918901364	2633.7489345729496	34.970221319868514	34.98510372559076	54.30106269500899	64.0631227914379	57.28865375589695	1.081054014831252	-0.4106898049455435	-0.21690021565754644	0.07661256311776161	-0.06644061585252467	4	9																														25.155312000000002	51.326687999999976																		
0052_00072																		11.99899999999998	31.97282937505883	-0.3604233415667022	0.5075368760734241	4.8830219407057225	10.117875423642678	0.2	-0.664	321.3267828100096	0	3	2.34	11	14	24	0	35	0	0	-0.10229999999999978	0.010465289999999955	84.64959999999999	1	3	2	2	2	0	0	0	3	0	0	0	0.32478486583775307	118	1162	32	44.79995224335698	2.0363614656071354	18.973875828456706	15.739064072607738	0	5.584962500721157		104.27000000000001	0.8571428571428571		0.46153846153846156	0	0	0	0	10.387247896677495	19.315647196849575	0	4.551341145339482	0	0	1.1766968108291043	1.68628591698336	0.14285714285714285	0	0	0	0	0	0	0	0	0	0	0	0	0	0	2	0	0	7	1	0	0	0	5	0	0	0	0	0	0	0	0	0	0	0	0	0	0	0	0	1	2	2	0	0	0	0	0	0	0	0	0	0	0	0	0	0	0	0	1	0	0	0	0	0	0	0	0	0	0	0	0	0	0	0	0	0	0	0	0	0	0	0	0	0	0	16.84375	6.857142857142857	4.521118381915526	0.2	907.07	0.7272727272727273	469	15.74227620818978	10.404798102479786	10.557105655411647	7.374914708064117	6.318088213815147	5.318007940179103	3.4721166791210916	2.6820626364029345	11.22521253460762	6.688188094678834	5.004030011812232	3.5548283612657676	2.516112383118424	1.8182495709322783	1.03016202011102	0.6608591034411133	3.1946402819708366	5.140677633091441	6.893443866837747	1.1315444008623965	1.4556384930480701	1.6992701566349866	2.7201261182732326	0.35355339059327373	0.16666666666666666	0	0.5857678802598179	0	0.07216878364870322	0	0	0	0	0.21941609682128765	0.40681326907111953	0	0	0	0.08129682154345166	0.11371937994013329	0	0	0	10	2	1	1	1	0	1426.1883818337606	1655.126267846531	2332.7212817068585	2200.9243775301197	1820.2733966111557	32.774567251695686	35.55396571513927	43.6412432577266	38.99258215756416	35.76705119310511	0.568637250868256	-0.42215051684985105	0.19086603381958883	-0.0764300825193931	0.07726088880495927	1	6																														25.477690999999993	42.780308999999995																		
0052_00075																		11.996141423746067	16.006367819700536	-0.40725763513950475	0.29085238346240483	4.133805419596846	10.126380532882235	0.36363636363636365	-0.38700000000000007	478.403745444336	2	5	2.5599999999999996	11	15	37	0	56	0	0	-2.5345999999999997	6.4241971599999985	117.8139	1	4	2	3	2	0	0	0	4	0	0	0	0.40250056818631713	184	3469	63	68.89706944697207	2.0263843954991785	32.35204359244243	32.35204359244243	0	6.20945336562895		192.43999999999997	1		0.5	0	1.0580077242488326	2.381287172782694	0	4.000913745780976	20.985358622095152	0	23.456275426854372	0	0	3.7216224689525434	5.1539292161480645	1.3961363206919677	0	0	0	0	0	0	0	0	0	0	0	0	1	0	1	0	0	5	6	0	0	2	7	0	0	0	0	0	0	0	0	0	0	0	0	0	0	0	0	6	2	4	0	0	0	0	0	0	0	0	0	0	0	0	0	0	0	0	0	0	0	0	0	0	0	0	0	0	0	0	0	0	0	0	0	0	0	0	0	0	0	0	0	0	0	27.04601899196494	11.170909090909092	5.643377777777777	0.36363636363636365	2359.12	0.6764705882352942	813	24.731321849709868	16.099463205922564	15.31830388340159	13.103550006420026	11.083360007906027	8.384244974521707	6.579425803475152	4.4390154577525145	17.690731058055356	10.13231481436894	7.835062165044082	5.600548099904105	3.8712660978270383	2.596809436100705	1.5713731731492693	0.9154197638297044	7.080006676492651	11.560209448723649	16.12064359169378	2.1031706426298777	2.7075584091876213	3.121613991765543	2.9179571325078686	0	0.9124545131928523	0	1.0645896335465614	0	0.1793573207690919	0	0	0	0	0.22451341401773972	0.6713148050811797	0	0	0	0.09191206792684728	0.17137577989840647	0	0	1	11	2	1	6	0	0	2041.0236032860396	2455.0825301115674	3572.6533108893987	3885.1028273755896	3463.8380109651016	43.29362842649135	42.31347163412102	65.18332947652854	78.4943276440394	75.37908176085617	1.3816404018775343	-0.42907856323983296	-0.3470924633504717	-0.01807740878808016	-0.0753500825541118	6	12																														33.630554000000004	63.013445999999966																		
0052_00085																		11.996163367986144	15.999294565482721	-0.4212968651339462	0.07544529411047037	4.894728169305908	10.407143989659662	0.3333333333333333	0.75	302.3655624366288	0	7	3	7	12	23	0	44	0	0	1.3013999999999968	1.6936419599999917	93.8866	0	2	2	2	2	0	0	0	2	0	0	0	0.26781239593236245	106	1121	30	43.99242009411613	1.9996554588234603	10.01327133394825	10.01327133394825	0	5.523561956057013		80.92	0.8333333333333334		0.45454545454545453	0	0	0	0	15.851062385523557	21.948459575068842	0	4.323503888469162	0	0	0.8041951688874689	0	0	0	0	0	0	0	0	0	0	0	0	0	0	0	0	4	0	0	8	2	0	0	0	4	0	0	0	0	0	0	0	0	0	0	0	0	0	0	0	0	4	0	0	0	0	0	0	0	0	0	0	0	0	0	0	0	0	0	0	0	0	0	0	0	0	0	0	0	0	0	0	0	0	0	0	0	0	0	0	0	0	0	0	0	0	0	18.340264650283554	9.333333333333334	5.864197530864198	0.3333333333333333	1563.04	0.7272727272727273	394	15.949382989376328	10.617723500579762	9.083666491461235	7.077583225923207	5.788808892728474	4.280288565457495	2.6458495921716874	1.6208093891914443	12.390784198642285	7.395836814000804	5.633358980715609	3.952596724126928	2.732953213319434	1.7644699802327797	0.963192255889846	0.5433641498681467	2.498849223037281	3.9544112034075787	4.842158511014434	1.3377609389637308	1.7139842475036933	1.8586448196637693	1.3189318929868223	0	0.08333333333333333	0	0.7181067922288352	0	0.08333333333333333	0	0	0	0	0.16666666666666666	0.2845177968644246	0	0	0	0.05555555555555555	0.06412890981591697	0	0	0	10	2	2	2	2	0	1350.0343450510866	1527.2618622995	1978.4424408388973	1964.0903616143187	1761.3121440260004	25.097876142163784	24.328367908530254	31.99255186279538	32.656735817060515	31.320919771325638	0.2796824775129651	-0.1001171343893735	-0.013926271879200503	0.01911579555394388	-0.08194878202029376	4	4																														24.050553999999998	49.55744599999998																		
0052_00097																		11.996163367986142	15.999294565482714	-0.38680932141418206	0.2653564159613518	4.699362063547277	10.256022965469658	0.2777777777777778	1.4570000000000003	298.3337994213257	0	4	3	7	12	24	0	40	0	0	1.976100000000001	3.9049712100000042	90.23419999999997	0	3	2	3	2	0	0	1	2	0	0	0	0.2239362873059255	114	1104	30	44.87533088492407	2.0397877674965486	10.645936207973747	10.645936207973747	0	5.584962500721157		66.76	0.8333333333333334		0.45454545454545453	0	0	0	0	13.288737076449495	22.547555022709783	0	6.313339215177299	0	0	0.35258271474064085	0.6506976368304991	0	0	0	0	0	0	0	0	0	0	0	0	0	0	0	3	0	0	8	2	0	0	1	4	0	0	0	0	0	0	0	0	0	0	0	0	0	0	0	0	2	1	1	0	0	0	0	0	0	0	0	0	0	0	0	0	0	0	0	0	0	0	0	0	0	0	0	0	0	0	0	0	0	0	0	0	0	0	0	0	0	0	0	0	0	0	16.84375	7.7134986225895315	4.521118381915526	0.2777777777777778	1302.04	0.8636363636363636	407	15.526733258565956	10.614193540729628	9.725579019050912	7.660777786513171	6.447793889305862	4.812931245822665	3.160484495693419	2.1531559828326823	12.105746807383547	7.340731551156755	5.744663853646689	4.086090593065479	2.979560347448206	1.9577984101331591	1.130385140731658	0.6945716130898942	2.902555044344325	4.614086275861072	5.652723831826836	1.3208141677666865	1.801996465067453	1.9389415042303044	1.524050250203626	0	0.1642664266089148	0	0.7174037781923952	0	0.07856742013183862	0	0	0	0.09622504486493763	0.3989744750195586	0.5472805029166864	0	0	0.048112522432468816	0.14323879233249237	0.14998363968191775	0	0	1	10	2	1	2	2	0	1355.2011169926755	1572.6571173061523	2129.9542210432123	1948.1561735786124	1700.0960381113282	25.097876142163784	25.660459885662824	36.0991128754689	32.98882779419308	28.656735817060508	0.38121823003221056	-0.19665612443129846	0.07506785836627818	-0.06223583896658104	0.019475016147933965	2	4																														22.551726	46.89027399999998																		
0052_00103																		11.99614622446129	16.0008049092861	-0.3830327031568536	0.16451281250471572	4.890009277343745	9.323683106020615	0.14285714285714285	1.6770000000000007	368.3806984744801	0	8	3.11	12	17	28	0	47	0	0	0.7349999999999988	0.5402249999999982	111.84780000000002	0	2	2	2	2	0	0	0	2	0	0	0	0.25279388823955345	130	2324	38	53.68442445232671	1.9883120167528412	15.674601545424634	15.674601545424634	0	5.807354922057604		93.06000000000002	1		0.5	0.0625	2.9653773159701897	2.4071377355693953	0	12.460198351703596	21.3652625203371	0	5.362030551329493	0	0	0.696238325041917	1.0963563117347195	0.07142857142857142	0	0	0	0	0	0	0	0	0	0	0	0	2	0	1	0	4	6	0	0	0	2	6	0	0	0	0	0	0	0	0	0	0	0	0	0	0	0	0	2	2	2	0	0	0	0	0	0	0	0	0	0	0	0	0	0	0	0	0	0	0	0	0	0	0	0	0	0	0	0	0	0	0	0	0	0	0	0	0	0	0	0	0	0	0	23.28061224489796	11.869978086194303	7.735537190082645	0.14285714285714285	1602.06	0.7037037037037037	704	19.811190308942127	12.922253953220077	11.250125756643847	8.931075870028232	6.65069272328739	5.070178091145999	2.989432946267059	1.9539799468310697	15.008029825938177	8.084748487013048	5.638641501457054	3.679371064943774	2.2636839018519117	1.459280140399056	0.7048825088449301	0.3848019789639756	3.649453170174395	4.932469120476346	6.070297834448646	0.9973041761649765	1.1001988200120831	1.1016192822522088	1.7903364137778541	0	0.23570226039551587	0	0.6060673314678805	0	0.03042903097250923	0	0	0	0	0.13608276348795434	0.3285328532178296	0	0	0	0.048112522432468816	0.06893620695633419	0	0	0	16	2	0	1	0	0	1517.0005270052764	1695.7035463432292	2178.909819758735	2129.0046629844987	1740.1487811697366	31.646814213245676	30.65673581706051	40.98510372559076	43.53404179667266	36.759572761131714	0.6869570464870081	-0.2425685638995941	-0.1725066775410699	0.07042028292267806	0.026515329432996643	2	6																														27.612139999999997	55.10785999999998																		
0052_00105																		11.996141427024572	16.00540010408487	-0.3826432611228502	0.29388800257687986	4.998514972428578	10.766544982354825	0.13636363636363635	2.7159999999999993	458.3725775014634	2	4	2.67	12	14	36	0	51	0	0	-1.3530000000000013	1.8306090000000035	120.84000000000002	0	4	3	3	3	0	0	0	4	0	0	0	0.4308589849346428	180	3056	60	66.8498574543478	2.0257532561923575	29.094420058682793	29.094420058682793	0	6.169925001442312		197.36999999999998	0.8571428571428571		0.46153846153846156	0	0	0	0	4.26407639045016	26.27893126673435	0	24.172436435226032	0	0	4.597112015004536	3.2997723072145946	0.33333333333333337	0	0	0	0	0	0	0	0	0	0	0	0	0	0	1	0	0	6	2	0	0	1	12	0	0	0	0	0	0	0	0	0	0	0	0	0	0	0	0	8	1	2	0	0	0	0	0	0	0	0	0	0	0	0	0	0	0	0	0	0	0	0	0	0	0	0	0	0	0	0	0	0	0	0	0	0	0	0	0	0	0	0	0	0	0	26.074074074074073	10.545953360768175	5.555555555555555	0.13636363636363635	1860.11	0.7272727272727273	729	24.024215068523315	15.544621651056172	15.176456719616743	12.94418449573279	10.239575793442924	8.231496370577013	6.20916125695886	4.411699969159878	16.628362570094808	9.470543102609698	7.398788707989219	5.151455084565348	3.5510570821658294	2.475786791646339	1.481562225669458	0.8973282726029598	7.2505237849324224	10.556816177678236	15.423005921906324	1.93752364853198	2.4462711641736807	2.9643000849882757	3.0266210700702336	0	0.9625313742464444	0	1.0418929945299837	0	0.1576013379848521	0	0	0	0	0.2222222222222222	0.7298793445280387	0	0	0	0.0865562612162344	0.16798303813909685	0	0	1	15	3	0	3	0	0	2044.6988636872802	2461.026526631346	3591.9633876071844	3874.26092387228	3457.3156483472117	41.519159390950406	40.317195702723325	62.744676486722476	73.50301251454911	65.83882856028396	0.9186588925993233	-0.30121696959817146	-0.152635703577727	0.09231954820635747	-0.3119206179338759	8	11																														24.467726000000006	59.544273999999966																		
0052_00108																		11.993511897447684	15.995919193255036	-0.37210800196837396	0.3713312804338426	4.21186274615555	9.514808388303623	0.8571428571428571	-0.6180000000000001	143.18389413942606	0	1	1.9	2	5	10	2	23	0	0	-1.5533000000000001	2.4127408900000002	33.9542	1	1	0	1	0	0	0	1	0	0	0	0	0.2804437898735284	50	108	12	19.089998587988447	1.9089998587988446	8.182970460858986	4.7999998475824635	3.3829706132765245	4.321928094887363		40.129999999999995	1		0.5	0.4999999999999999	2.2894284851066637	1.6329931618554518	0	2.381101577952299	2.94168275343288	0	1	0	0	0.4999999999999999	0	0	0	0	0	0	0	0	0	0	0	0	0	0	2	0	3	0	0	0	1	0	0	1	0	0	0	0	0	0	0	0	0	0	0	0	0	0	0	0	1	0	1	0	0	0	0	0	0	0	0	0	0	0	0	0	0	0	0	0	0	0	0	0	0	0	0	0	0	0	0	0	0	0	0	0	0	0	0	0	0	0	0	0	0	0	0	8.1	2.56	1.5501730103806228	0.8571428571428571	439.03	0.5	65	7.776020881938894	4.538510687364535	4.731319728946598	3.1447508172067735	2.589425612194522	0.9284683477238036	0.3535533905932738	0.23570226039551587	6.314025684399679	4.223509423127566	4.622834967746881	3.2145437230292426	2.1185780690472513	0.8050211698203656	0.2032631323962854	0.05892556509887897	2.47428345600362	4.0774498301588675	3.528077316046199	2.5032492308681813	2.8998589752497956	1.846605612871894	1.501661279183041	0.20412414523193154	0.4023689270621825	0.08333333333333333	1.6299361269508954	0.2886751345948129	0.348461712529338	0.10206207261596577	0	0	0.10206207261596577	0.2630497103308105	0.3377643330114816	0	0	0.14433756729740646	0.36084391824351614	0.3181379171442524	0	0	1	0	0	1	3	0	0	513.8951362187504	584.7097866875006	817.1490526406257	532.7627731250003	243.08990956250014	11.908918372358372	11.328911686986908	16.93719878934741	13.771107148398361	10.656735817060518	0.3913458147807012	-0.2308851847488123	-0.07872889970273891	0.22726265325984238	-0.11332147619864176	0	2																														18.767690999999996	23.692309																		
0052_00112																		11.996186363935342	16.000796306156158	-0.41325361093340174	0.11715905700019634	4.917999220353367	9.940203372828423	0.2	0.5839999999999999	290.26863857079735	0	1	2.4499999999999997	9	11	23	0	35	0	0	-0.6775999999999996	0.4591417599999995	80.9552	0	3	2	2	2	0	0	0	3	0	0	0	0.3805169813527004	114	894	36	42.6898301275907	2.0328490536947954	15.885370224185047	15.885370224185047	0	5.523561956057013		110.38000000000001	1		0.5	0	0	0	0	3.941835724486232	18.238845389844567	0	11.493957184927222	0	0	1.5293315216446943	1.1676091936278357	0	0	0	0	0	0	0	0	0	0	0	0	0	0	0	1	0	0	5	2	0	0	0	7	0	0	0	0	0	0	0	0	0	0	0	0	0	0	0	0	5	0	1	0	0	0	0	0	0	0	0	0	0	0	0	0	0	0	0	0	0	0	0	0	0	0	0	0	0	0	0	0	0	0	0	0	0	0	0	0	0	0	0	0	0	0	15.879017013232515	6.2456747404844295	3.2	0.2	949.06	0.7619047619047619	353	15.145899891012467	9.952397498181154	9.618037355274096	8.009677351986744	6.57880977437986	5.423061879808872	3.8114296524810074	2.7082644050292046	10.892874933477584	6.368997045451646	4.999660465994341	3.514868397915128	2.4659579388339496	1.751360280759812	0.9978842203355122	0.5977543268042149	4.159814256244642	6.215265527833552	9.185832596730208	1.2879404609442775	1.6582828971006827	2.027200688726831	1.8369830364861184	0	0.4951995198844963	0	0.6851743612554221	0	0.1045188079563044	0	0	0	0	0.17915249285508827	0.5240343003282567	0	0	0	0.06894585576580214	0.12597936401762247	0	0	0	10	2	0	3	0	0	1277.6024047132073	1526.3674926992508	2201.571427970362	2257.231443654013	1807.4227137522823	25.646814213245676	25.324643839927948	38.649287679855895	42.862409705202914	36.64060280934617	0.4701946970077348	-0.12289857807479539	-0.13510590507033954	-0.010170815464871396	0.08319805938164665	5	6																														17.220898000000002	40.54710199999999																		
0052_00119																		11.996186357611723	16.00165515675966	-0.4132611542761943	0.13260800306303402	5.000686187216064	9.999017578574751	0.2	0.9319999999999997	306.26804349836675	1	1	2.34	9	11	24	0	36	0	0	-1.2407000000000001	1.5393364900000004	82.5607	0	3	2	2	2	0	0	0	3	0	0	0	0.42672693563922026	120	1005	39	44.53256061678637	2.024207300763017	18.396021193351594	18.396021193351594	0	5.584962500721157		130.61	1		0.5	0	0	0	0	2.601022702043388	16.970177874448087	0	14.086413318443276	0	0	2.40641864983632	1.3654081820365347	0	0	0	0	0	0	0	0	0	0	0	0	0	0	0	1	0	0	4	2	0	0	0	8	0	0	0	0	0	0	0	0	0	0	0	0	0	0	0	0	6	0	1	0	0	0	0	0	0	0	0	0	0	0	0	0	0	0	0	0	0	0	0	0	0	0	0	0	0	0	0	0	0	0	0	0	0	0	0	0	0	0	0	0	0	0	16.84375	6.481481481481482	3.298611111111111	0.2	982.07	0.7272727272727273	370	16.016143379015546	10.363081100704113	10.13550610287653	8.515144899300413	6.991789411131208	5.53346542606298	4.0825221036657	2.79228573623918	11.262738259787916	6.509270509868292	5.159271497708392	3.6074088478598143	2.538128497424279	1.768358604993748	1.0354121485127386	0.6053397661035003	4.703502167811345	7.205812441987041	10.453827676992857	1.380068335038177	1.7874488204893877	2.167818933056475	2.0294331262159937	0	0.6006983801937382	0	0.7410760606929168	0	0.11671965474911902	0	0	0	0	0.16666666666666666	0.5474095083960289	0	0	0	0.06572292788290107	0.1305528813100014	0	0	0	10	2	0	3	0	0	1329.2700349855422	1595.7015174655244	2323.1091104752627	2414.1973528802487	1960.249388420872	27.421283248786622	26.65673581706051	41.31347163412102	47.30106269500899	41.07925579915224	0.5389855371351524	-0.12372411351738742	-0.16980777063586072	-0.009911827335780414	0.0599032425013742	6	7																														17.220898000000002	41.34910199999999																		
0052_00122																		11.996177848552758	16.003482312115484	-0.4139150629337121	0.2914450889799132	4.358673876184518	9.334164794754528	0.375	-0.9679999999999997	354.30935226559666	1	5	2.2299999999999995	13	14	26	0	43	0	0	-1.4737000000000007	2.171791690000002	86.69760000000001	1	2	1	2	1	0	0	0	2	0	0	0	0.4652705113267257	128	1646	40	49.27555833307897	1.9710223333231587	22.974538545281675	22.974538545281675	0	5.700439718141093		164.75	0.8571428571428571		0.46153846153846156	0	0	0	0	5.5474065075944186	15.256409566734247	1.736739367870647	6.642373604634902	2.203014033315397	0	4.284495377644848	1.8282689282024467	0	0	0	0	0	0	0	0	0	0	0	0	0	0	0	2	0	2	3	3	0	0	2	3	0	1	0	0	0	0	0	0	0	0	0	0	0	0	0	0	6	2	1	0	0	0	0	0	0	0	0	0	0	0	0	0	0	0	0	0	0	0	0	0	0	0	0	0	0	0	0	0	0	0	0	0	0	0	0	0	0	0	0	0	0	0	21.301775147928993	8.79224376731302	5.489603024574669	0.375	1336.09	0.64	533	18.77565640300939	11.619716704747374	11.365329277926126	9.031387233783942	6.0997591387662675	5.03685350781182	3.226178660796727	1.740408713191797	12.941042160281443	7.347887169602035	5.859749012350622	3.9377987444630063	2.534281180389808	1.7077633299828658	0.8480512520494088	0.35337581547459024	5.910728187213208	6.883766016641	10.254617515409157	1.6593313051485121	1.9304764489045882	2.232020854477245	2.650283809765916	0.14433756729740646	0.9515603327808282	0.14433756729740646	1.0016984372994298	0.05590169943749474	0.12041770580311839	0.010206207261596576	0	0	0	0.11615390417644599	0.390331321867596	0	0	0	0.07216878364870322	0.14365330172047	0	0	2	7	1	0	5	1	0	1341.469190988967	1551.8618762860215	2140.905913605572	2113.6468099248846	1666.9612883572456	31.970221319868514	29.320919771325638	45.19450168233547	50.18209274322344	40.30106269500899	0.8707793765772418	-0.2823861194259619	-0.15597331003107864	0.09462565523656867	-0.1760160813290319	6	9																														23.509726000000004	47.38027399999998																		
0052_00124																		11.996146206675409	16.00539734234564	-0.4527553441566653	0.193313186662424	4.373093538238569	10.28079501818989	0.2857142857142857	0.393	449.38566386615275	1	4	2.56	21	13	35	1	53	0	0	-2.7103000000000015	7.345726090000008	113.7484	0	4	3	3	2	0	0	0	4	0	0	0	0.4014621088260754	174	2753	59	65.05477084481166	2.0329615889003643	29.693386183737523	29.693386183737523	0	6.129283016944966		180.29999999999998	1		0.5	0	0	0	0	4.449070659919922	24.051862639817323	0	22.52084815525257	0	0	3.6079825914343284	4.501193290665573	0.9654893846056297	0	0	0	0	0	0	0	0	0	0	0	0	0	0	1	0	0	6	5	0	0	0	7	2	0	0	0	0	0	0	0	0	0	0	0	0	0	0	0	8	0	2	1	0	0	0	0	0	0	0	0	0	0	0	0	0	0	0	0	0	0	0	0	0	0	0	0	0	0	0	0	0	0	0	0	0	0	0	0	0	0	0	0	0	0	25.103673469387754	10.318047337278106	5.1775441380678435	0.2857142857142857	2144.11	0.71875	651	23.153971580520242	15.188779603399604	14.37799551768345	12.696443297238204	10.044326333861108	8.192695693011467	6.137671978171913	4.492873787286758	16.5846206192335	9.740604387789048	7.624033185309571	5.474562804995039	3.736516150327821	2.6029247761315752	1.543144093698937	0.9263118332775584	6.8273516904120735	10.179591737562943	14.997751667510988	2.1211757207817445	2.6722650009748476	3.2493229601419378	2.6786310452802278	0	0.8816881687156334	0	1.062935973230671	0	0.19027312091930945	0	0	0	0	0.22451341401773972	0.7079952482365333	0	0	0	0.09390050782289587	0.1870443807611905	0	0	0	13	2	2	4	0	0	1943.0729211636576	2339.966308296006	3417.9826715766276	3727.011774974158	3323.9230124185888	40.519159390950406	39.64928767985589	61.07676846385503	73.83014368977425	65.39149069996816	1.2096671144392765	-0.3495869663029661	-0.4053707871365001	0.12848710504614494	-0.14680248251006525	8	10																														28.705347000000007	59.78465299999997																		
0052_00131																		11.99626876247686	15.999286705369663	-0.38277706253781296	0.2833795906455344	3.897293782469362	8.888256739269902	0	0.6200000000000001	180.1577688119759	0	2	2.0100000000000002	13	9	13	0	21	0	0	0.3096	0.09585215999999999	50.48460000000001	1	1	1	1	1	0	0	0	1	0	0	0	0.4318986026851603	60	270	15	25.245672642489428	1.941974818653033	9.800274410625477	9.800274410625477	0	4.700439718141093		77.76	1		0.5	0	0	0	0	4.556553777464422	9.39074121793227	0	2.102578844744821	0	0	1.1634026079003021	0	0	0	0	0	0	0	0	0	0	0	0	0	0	0	0	0	0	2	3	0	0	0	1	3	0	0	0	0	0	0	0	0	0	0	0	0	0	0	0	0	3	1	0	0	0	0	0	0	0	0	0	0	0	0	0	0	0	0	0	0	0	0	0	0	0	0	0	0	0	0	0	0	0	0	0	0	0	0	0	0	0	0	0	0	0	0	11.076923076923077	5.024221453287197	3.7037037037037037	0	285.04	0.46153846153846156	157	9.84493498269124	6.0922241528750165	5.604842821061983	3.85904486272	2.4902784216294163	2.078564660283314	1.1422187579240577	0.6380223024590974	6.636640422911867	3.5236620127174136	2.419722724044893	1.4178307106627879	0.81164442946487	0.5204030220948942	0.21354522919208907	0.08391371894752965	1.8026886836663698	1.8075314994325256	2.514225845927942	0.39146595152843633	0.3712765476642682	0.38757904414113287	1.0837769564868263	0	0.16666666666666666	0	0.2780291174079912	0	0.016666666666666666	0	0	0	0	0.06804138174397717	0.18419528592042317	0	0	0	0.024056261216234408	0.03540546303448565	0	0	1	7	1	0	0	0	0	593.8273000185396	652.1868260215758	816.093237794632	706.6534711886294	450.57340712670907	16.097876142163784	14.328367908530256	19.76702089833633	17.76702089833633	11.66045988566282	0.3188312337325826	-0.13157657213102741	-0.049174387668791314	0.02681691190271317	0.021659615203991227	3	4																														9.703655999999997	24.382343999999993																		
0052_00136																		11.996186363935342	16.000796306156158	-0.41325361093340174	0.11715905700019634	4.917999220353367	9.940203372828423	0.2	0.5839999999999999	290.26863857079735	0	1	2.4499999999999997	9	11	23	0	35	0	0	-0.6775999999999996	0.4591417599999995	80.9552	0	3	2	2	2	0	0	0	3	0	0	0	0.3805169813527004	114	894	36	42.6898301275907	2.0328490536947954	15.885370224185047	15.885370224185047	0	5.523561956057013		110.38000000000001	1		0.5	0	0	0	0	3.941835724486232	18.238845389844567	0	11.493957184927222	0	0	1.5293315216446943	1.1676091936278357	0	0	0	0	0	0	0	0	0	0	0	0	0	0	0	1	0	0	5	2	0	0	0	7	0	0	0	0	0	0	0	0	0	0	0	0	0	0	0	0	5	0	1	0	0	0	0	0	0	0	0	0	0	0	0	0	0	0	0	0	0	0	0	0	0	0	0	0	0	0	0	0	0	0	0	0	0	0	0	0	0	0	0	0	0	0	15.879017013232515	6.2456747404844295	3.2	0.2	949.06	0.7619047619047619	353	15.145899891012467	9.952397498181154	9.618037355274096	8.009677351986744	6.57880977437986	5.423061879808872	3.8114296524810074	2.7082644050292046	10.892874933477584	6.368997045451646	4.999660465994341	3.514868397915128	2.4659579388339496	1.751360280759812	0.9978842203355122	0.5977543268042149	4.159814256244642	6.215265527833552	9.185832596730208	1.2879404609442775	1.6582828971006827	2.027200688726831	1.8369830364861184	0	0.4951995198844963	0	0.6851743612554221	0	0.1045188079563044	0	0	0	0	0.17915249285508827	0.5240343003282567	0	0	0	0.06894585576580214	0.12597936401762247	0	0	0	10	2	0	3	0	0	1277.6024047132073	1526.3674926992508	2201.571427970362	2257.231443654013	1807.4227137522823	25.646814213245676	25.324643839927948	38.649287679855895	42.862409705202914	36.64060280934617	0.4701946970077348	-0.12289857807479539	-0.13510590507033954	-0.010170815464871396	0.08319805938164665	5	6																														17.220898000000002	40.54710199999999																		
0052_00137																		11.996141427024572	16.00540010408487	-0.3826432611228502	0.29388800257687986	4.998514972428578	10.766544982354825	0.13636363636363635	2.7159999999999993	458.3725775014634	2	4	2.67	12	14	36	0	51	0	0	-1.3530000000000013	1.8306090000000035	120.84000000000002	0	4	3	3	3	0	0	0	4	0	0	0	0.4308589849346428	180	3056	60	66.8498574543478	2.0257532561923575	29.094420058682793	29.094420058682793	0	6.169925001442312		197.36999999999998	0.8571428571428571		0.46153846153846156	0	0	0	0	4.26407639045016	26.27893126673435	0	24.172436435226032	0	0	4.597112015004536	3.2997723072145946	0.33333333333333337	0	0	0	0	0	0	0	0	0	0	0	0	0	0	1	0	0	6	2	0	0	1	12	0	0	0	0	0	0	0	0	0	0	0	0	0	0	0	0	8	1	2	0	0	0	0	0	0	0	0	0	0	0	0	0	0	0	0	0	0	0	0	0	0	0	0	0	0	0	0	0	0	0	0	0	0	0	0	0	0	0	0	0	0	0	26.074074074074073	10.545953360768175	5.555555555555555	0.13636363636363635	1860.11	0.7272727272727273	729	24.024215068523315	15.544621651056172	15.176456719616743	12.94418449573279	10.239575793442924	8.231496370577013	6.20916125695886	4.411699969159878	16.628362570094808	9.470543102609698	7.398788707989219	5.151455084565348	3.5510570821658294	2.475786791646339	1.481562225669458	0.8973282726029598	7.2505237849324224	10.556816177678236	15.423005921906324	1.93752364853198	2.4462711641736807	2.9643000849882757	3.0266210700702336	0	0.9625313742464444	0	1.0418929945299837	0	0.1576013379848521	0	0	0	0	0.2222222222222222	0.7298793445280387	0	0	0	0.0865562612162344	0.16798303813909685	0	0	1	15	3	0	3	0	0	2044.6988636872802	2461.026526631346	3591.9633876071844	3874.26092387228	3457.3156483472117	41.519159390950406	40.317195702723325	62.744676486722476	73.50301251454911	65.83882856028396	0.9186588925993233	-0.30121696959817146	-0.152635703577727	0.09231954820635747	-0.3119206179338759	8	11																														24.467726000000006	59.544273999999966																		
